[
  {
    "model": "contenttypes.contenttype",
    "fields": {
      "app_label": "admin",
      "model": "logentry"
    }
  },
  {
    "model": "contenttypes.contenttype",
    "fields": {
      "app_label": "auth",
      "model": "permission"
    }
  },
  {
    "model": "contenttypes.contenttype",
    "fields": {
      "app_label": "auth",
      "model": "group"
    }
  },
  {
    "model": "contenttypes.contenttype",
    "fields": {
      "app_label": "auth",
      "model": "user"
    }
  },
  {
    "model": "contenttypes.contenttype",
    "fields": {
      "app_label": "contenttypes",
      "model": "contenttype"
    }
  },
  {
    "model": "contenttypes.contenttype",
    "fields": {
      "app_label": "sessions",
      "model": "session"
    }
  },
  {
    "model": "contenttypes.contenttype",
    "fields": {
      "app_label": "product",
      "model": "category"
    }
  },
  {
    "model": "contenttypes.contenttype",
    "fields": {
      "app_label": "product",
      "model": "product"
    }
  },
  {
    "model": "contenttypes.contenttype",
    "fields": {
      "app_label": "product",
      "model": "productimage"
    }
  },
  {
    "model": "contenttypes.contenttype",
    "fields": {
      "app_label": "account",
      "model": "address"
    }
  },
  {
    "model": "contenttypes.contenttype",
    "fields": {
      "app_label": "orders",
      "model": "orderaddress"
    }
  },
  {
    "model": "contenttypes.contenttype",
    "fields": {
      "app_label": "orders",
      "model": "order"
    }
  },
  {
    "model": "contenttypes.contenttype",
    "fields": {
      "app_label": "orders",
      "model": "orderitem"
    }
  },
  {
    "model": "sessions.session",
    "pk": "hzw9udcp3cpal02krm8nj7yoq7tuflpm",
    "fields": {
      "session_data": ".eJxVjMEOgjAQRP9lz6Zx2y4Ujt79BrLdVkFNiVAOhvDvloSDXiaZeTOzQsdL7rtljlM3BGgB4fSbeZZnTDsID073UcmY8jR4tVfUQWd1HUN8XY7u30HPc1_WwsHWhJXWRMJcUdSWSceAztZRs2kMBicNnrlBXVEQ61C8d2TE3NCWU-EpQ7tCMUXfC6c85A-0uG3bF5fTQLQ:1vn4Wk:DK_POnbbUlgwt85a9GTvL0J7dK4UkrwRGz94Fez5ZBY",
      "expire_date": "2026-02-17T00:44:22.598Z"
    }
  },
  {
    "model": "sessions.session",
    "pk": "r3z88l0pxpyaz6oyii7itpd2t3k206if",
    "fields": {
      "session_data": ".eJxVj8EOgjAQRP-lZ0Lc0mLh6N1vaLa7FaqmIC0HQ_h3wXDQyxxm3kwyi7A4597OyU82sGgFiOLXc0gPH_eA7xi7oaQh5im4ckfKI03ldWD_vBzs30CPqd_ahKzOGmoptSbEWnupUEvPYNTZS6yaCthQAydsQNaaSRkg54yuqLqB2kYJpyzaRQDs-pox5pDfooV1LUTqwziG2FlknnxK3zOwfgAUKklf:1vhl5i:FGDa_cQ54FTVOom6_dTTd9uGdVHgcglcr9bGZGkUHcQ",
      "expire_date": "2026-02-02T08:58:30.933Z"
    }
  },
  {
    "model": "sessions.session",
    "pk": "vnztw5nbj32k5rviuhknvhsaig7nt1wo",
    "fields": {
      "session_data": ".eJxVjDsOwjAQBe_iGlle7NgxJX3OYK33QwIokfKpEHeHSCmgfTPzXqbgtvZlW2QuA5uLAXP63SrSQ8Yd8B3H22RpGtd5qHZX7EEX200sz-vh_h30uPTfOkITXJbQthwC-OBIkjZRGlIF9kA-AZLCOQf1CaOo40yZq2hk9GjeH9HPOGg:1w9lXW:AC3kw5SER7X9KB13Erzv29_m8X67Oh24WjoX_i3-5rY",
      "expire_date": "2026-04-20T15:06:58.590Z"
    }
  },
  {
    "model": "product.category",
    "pk": 1,
    "fields": {
      "name": "WOMEN",
      "slug": "women",
      "parent": null,
      "banner": "",
      "order": 1,
      "is_active": true,
      "created_at": "2025-11-18T14:19:02.316Z",
      "updated_at": "2025-11-18T18:01:10.174Z"
    }
  },
  {
    "model": "product.category",
    "pk": 2,
    "fields": {
      "name": "MEN",
      "slug": "men",
      "parent": null,
      "banner": "",
      "order": 2,
      "is_active": true,
      "created_at": "2025-11-18T14:28:18.047Z",
      "updated_at": "2025-11-18T18:01:10.175Z"
    }
  },
  {
    "model": "product.category",
    "pk": 3,
    "fields": {
      "name": "KIDS",
      "slug": "kids",
      "parent": null,
      "banner": "",
      "order": 3,
      "is_active": true,
      "created_at": "2025-11-18T14:34:33.801Z",
      "updated_at": "2025-11-18T18:01:30.724Z"
    }
  },
  {
    "model": "product.category",
    "pk": 4,
    "fields": {
      "name": "BABY",
      "slug": "baby",
      "parent": null,
      "banner": "",
      "order": 4,
      "is_active": true,
      "created_at": "2025-11-18T14:34:42.812Z",
      "updated_at": "2025-11-18T18:01:30.726Z"
    }
  },
  {
    "model": "product.category",
    "pk": 5,
    "fields": {
      "name": "T恤",
      "slug": "women_T",
      "parent": 1,
      "banner": "media/eolluua8ornwru84uqnv",
      "order": 1,
      "is_active": true,
      "created_at": "2025-11-18T14:53:35.478Z",
      "updated_at": "2026-04-08T09:26:07.409Z"
    }
  },
  {
    "model": "product.category",
    "pk": 6,
    "fields": {
      "name": "外套",
      "slug": "women_C",
      "parent": 1,
      "banner": "media/kccxlgcv4gdxu2pm0yln",
      "order": 2,
      "is_active": true,
      "created_at": "2025-11-19T09:10:12.317Z",
      "updated_at": "2026-04-08T09:26:12.260Z"
    }
  },
  {
    "model": "product.category",
    "pk": 7,
    "fields": {
      "name": "下身類",
      "slug": "women_P",
      "parent": 1,
      "banner": "media/onmdwovl3w4zpst8ixjs",
      "order": 3,
      "is_active": true,
      "created_at": "2025-11-19T09:14:50.970Z",
      "updated_at": "2026-04-08T09:26:16.021Z"
    }
  },
  {
    "model": "product.category",
    "pk": 8,
    "fields": {
      "name": "T恤",
      "slug": "men_T",
      "parent": 2,
      "banner": "media/q8munai3uxiihtdb0zdu",
      "order": 1,
      "is_active": true,
      "created_at": "2025-11-19T10:52:43.016Z",
      "updated_at": "2026-04-08T09:26:09.190Z"
    }
  },
  {
    "model": "product.category",
    "pk": 9,
    "fields": {
      "name": "外套類",
      "slug": "men_C",
      "parent": 2,
      "banner": "media/tobnfeie17m3jaee3gnk",
      "order": 2,
      "is_active": true,
      "created_at": "2025-11-19T10:53:11.422Z",
      "updated_at": "2026-04-08T09:26:14.045Z"
    }
  },
  {
    "model": "product.category",
    "pk": 10,
    "fields": {
      "name": "下身類",
      "slug": "men_P",
      "parent": 2,
      "banner": "media/qy8umpbmfq0svo5nuxly",
      "order": 3,
      "is_active": true,
      "created_at": "2025-11-19T16:00:34.540Z",
      "updated_at": "2026-04-08T09:26:18.425Z"
    }
  },
  {
    "model": "product.category",
    "pk": 11,
    "fields": {
      "name": "T恤",
      "slug": "kids_T",
      "parent": 3,
      "banner": "media/vhwuffprmqnik6srxrqu",
      "order": 1,
      "is_active": true,
      "created_at": "2025-11-19T16:51:57.771Z",
      "updated_at": "2026-04-08T09:26:10.761Z"
    }
  },
  {
    "model": "product.category",
    "pk": 12,
    "fields": {
      "name": "外套類",
      "slug": "kids_C",
      "parent": 3,
      "banner": "",
      "order": 2,
      "is_active": true,
      "created_at": "2025-11-20T03:50:25.207Z",
      "updated_at": "2025-11-20T03:50:25.207Z"
    }
  },
  {
    "model": "product.category",
    "pk": 13,
    "fields": {
      "name": "下身類",
      "slug": "kids_P",
      "parent": 3,
      "banner": "",
      "order": 3,
      "is_active": true,
      "created_at": "2025-11-20T03:51:06.564Z",
      "updated_at": "2025-11-20T03:51:06.564Z"
    }
  },
  {
    "model": "product.product",
    "pk": 1,
    "fields": {
      "name": "彈性半開襟T恤",
      "slug": "women_elastic",
      "price": "690",
      "category": 5,
      "image": "media/peg83rhziwvlu5alu6yg",
      "stock": 100,
      "is_available": true,
      "is_new": false,
      "discount": null,
      "created_at": "2025-11-20T03:54:36.521Z",
      "updated_at": "2026-04-08T09:00:49.474Z"
    }
  },
  {
    "model": "product.product",
    "pk": 2,
    "fields": {
      "name": "羅紋圓領T恤",
      "slug": "women_ribbed",
      "price": "390",
      "category": 5,
      "image": "media/ae6jeyhklfzmbcqlr410",
      "stock": 100,
      "is_available": true,
      "is_new": false,
      "discount": null,
      "created_at": "2025-11-20T06:26:11.051Z",
      "updated_at": "2026-04-08T09:00:51.049Z"
    }
  },
  {
    "model": "product.product",
    "pk": 3,
    "fields": {
      "name": "華夫格圓領T恤",
      "slug": "women_waffle",
      "price": "490",
      "category": 5,
      "image": "media/of9aix4w6tjdowdqpip7",
      "stock": 100,
      "is_available": true,
      "is_new": false,
      "discount": null,
      "created_at": "2025-11-20T06:27:48.100Z",
      "updated_at": "2026-04-08T09:00:52.675Z"
    }
  },
  {
    "model": "product.product",
    "pk": 4,
    "fields": {
      "name": "個性素T",
      "slug": "women_PlainColor",
      "price": "290",
      "category": 5,
      "image": "media/dpr0h20wlgy72gkhvpwi",
      "stock": 100,
      "is_available": true,
      "is_new": false,
      "discount": null,
      "created_at": "2025-11-20T06:29:17.458Z",
      "updated_at": "2026-04-08T09:00:54.098Z"
    }
  },
  {
    "model": "product.product",
    "pk": 5,
    "fields": {
      "name": "時尚無袖背心",
      "slug": "women_vest",
      "price": "390",
      "category": 5,
      "image": "media/ivviwejaqzlo1u9zrtsn",
      "stock": 100,
      "is_available": true,
      "is_new": true,
      "discount": null,
      "created_at": "2025-11-20T06:34:35.207Z",
      "updated_at": "2026-04-08T09:00:55.606Z"
    }
  },
  {
    "model": "product.product",
    "pk": 6,
    "fields": {
      "name": "羅紋亨利領T恤",
      "slug": "women_henry",
      "price": "490",
      "category": 5,
      "image": "media/jlg5lajxhw0cwjg7lzgx",
      "stock": 100,
      "is_available": true,
      "is_new": false,
      "discount": null,
      "created_at": "2025-11-20T06:37:13.443Z",
      "updated_at": "2026-04-08T09:00:56.996Z"
    }
  },
  {
    "model": "product.product",
    "pk": 7,
    "fields": {
      "name": "柔滑棉質T恤",
      "slug": "women_silky",
      "price": "390",
      "category": 5,
      "image": "media/eh0rvgnwahqlwemyk8qc",
      "stock": 100,
      "is_available": true,
      "is_new": false,
      "discount": null,
      "created_at": "2025-11-20T06:45:07.438Z",
      "updated_at": "2026-04-08T09:00:58.556Z"
    }
  },
  {
    "model": "product.product",
    "pk": 8,
    "fields": {
      "name": "華夫格圓領條紋T",
      "slug": "women_stripe",
      "price": "590",
      "category": 5,
      "image": "media/xzuq1vbpd7yay7u2kghd",
      "stock": 100,
      "is_available": true,
      "is_new": true,
      "discount": null,
      "created_at": "2025-11-20T06:46:52.385Z",
      "updated_at": "2026-04-08T09:01:01.720Z"
    }
  },
  {
    "model": "product.product",
    "pk": 9,
    "fields": {
      "name": "輕暖連帽羽絨外套",
      "slug": "women_puffer",
      "price": "1490",
      "category": 6,
      "image": "media/wgpwik03swrkpcvga868",
      "stock": 100,
      "is_available": true,
      "is_new": false,
      "discount": null,
      "created_at": "2025-11-23T08:54:31.087Z",
      "updated_at": "2026-04-08T09:01:04.499Z"
    }
  },
  {
    "model": "product.product",
    "pk": 10,
    "fields": {
      "name": "涼感防風運動外套",
      "slug": "women_cooling",
      "price": "990",
      "category": 6,
      "image": "media/jynmdcnnmxdslr9k7z89",
      "stock": 100,
      "is_available": true,
      "is_new": false,
      "discount": null,
      "created_at": "2025-11-23T08:57:50.579Z",
      "updated_at": "2026-04-08T09:01:06.368Z"
    }
  },
  {
    "model": "product.product",
    "pk": 11,
    "fields": {
      "name": "長版西裝大衣",
      "slug": "women_overcoat",
      "price": "1490",
      "category": 6,
      "image": "media/fkkownzm8anhotqkvzot",
      "stock": 100,
      "is_available": true,
      "is_new": true,
      "discount": null,
      "created_at": "2025-11-23T09:00:32.132Z",
      "updated_at": "2026-04-08T09:01:07.954Z"
    }
  },
  {
    "model": "product.product",
    "pk": 12,
    "fields": {
      "name": "機能防潑水運動外套",
      "slug": "women_durable",
      "price": "1290",
      "category": 6,
      "image": "media/ekrlowyxkfzrljypl2uc",
      "stock": 100,
      "is_available": true,
      "is_new": false,
      "discount": null,
      "created_at": "2025-11-23T09:08:38.814Z",
      "updated_at": "2026-04-08T09:01:13.369Z"
    }
  },
  {
    "model": "product.product",
    "pk": 13,
    "fields": {
      "name": "無領菱格鋪棉外套",
      "slug": "women_cotton",
      "price": "1290",
      "category": 6,
      "image": "media/scbqjlkrnqqfciihlqbq",
      "stock": 100,
      "is_available": true,
      "is_new": false,
      "discount": null,
      "created_at": "2025-11-23T09:17:40.560Z",
      "updated_at": "2026-04-08T09:01:14.726Z"
    }
  },
  {
    "model": "product.product",
    "pk": 14,
    "fields": {
      "name": "時尚挺版剪裁大衣",
      "slug": "women_tailor",
      "price": "1690",
      "category": 6,
      "image": "media/fravdogl6wnudqdpitz7",
      "stock": 100,
      "is_available": true,
      "is_new": true,
      "discount": null,
      "created_at": "2025-11-23T09:21:22.777Z",
      "updated_at": "2026-04-08T09:01:16.207Z"
    }
  },
  {
    "model": "product.product",
    "pk": 15,
    "fields": {
      "name": "極簡柔感針織外套",
      "slug": "women_knitting",
      "price": "1290",
      "category": 6,
      "image": "media/bwcrpwiy5kn7x14ztflh",
      "stock": 100,
      "is_available": true,
      "is_new": false,
      "discount": null,
      "created_at": "2025-11-23T09:29:45.837Z",
      "updated_at": "2026-04-08T09:01:17.587Z"
    }
  },
  {
    "model": "product.product",
    "pk": 16,
    "fields": {
      "name": "經典美式丹寧外套",
      "slug": "women_denim",
      "price": "790",
      "category": 6,
      "image": "media/yve56z2ixptrxgpp7tgz",
      "stock": 100,
      "is_available": true,
      "is_new": false,
      "discount": null,
      "created_at": "2025-11-23T09:31:55.830Z",
      "updated_at": "2026-04-08T09:01:19.439Z"
    }
  },
  {
    "model": "product.product",
    "pk": 17,
    "fields": {
      "name": "WP1",
      "slug": "women_P1",
      "price": "990",
      "category": 7,
      "image": "media/gvlr08mvrnjhaeauthep",
      "stock": 100,
      "is_available": true,
      "is_new": false,
      "discount": null,
      "created_at": "2025-11-24T05:39:06.363Z",
      "updated_at": "2026-04-08T09:01:20.951Z"
    }
  },
  {
    "model": "product.product",
    "pk": 18,
    "fields": {
      "name": "WP2",
      "slug": "women_P2",
      "price": "990",
      "category": 7,
      "image": "media/zf6kco3wy9kdpqiuhlrd",
      "stock": 100,
      "is_available": true,
      "is_new": false,
      "discount": null,
      "created_at": "2025-11-24T05:39:25.608Z",
      "updated_at": "2026-04-08T09:01:22.439Z"
    }
  },
  {
    "model": "product.product",
    "pk": 19,
    "fields": {
      "name": "WP3",
      "slug": "women_P3",
      "price": "990",
      "category": 7,
      "image": "media/h45rgsb2c8axza2lqucn",
      "stock": 100,
      "is_available": true,
      "is_new": false,
      "discount": null,
      "created_at": "2025-11-24T05:39:44.392Z",
      "updated_at": "2026-04-08T09:01:24.028Z"
    }
  },
  {
    "model": "product.product",
    "pk": 20,
    "fields": {
      "name": "WP4",
      "slug": "women_P4",
      "price": "990",
      "category": 7,
      "image": "media/s6wbe7wnweg6vxeenq9t",
      "stock": 100,
      "is_available": true,
      "is_new": false,
      "discount": null,
      "created_at": "2025-11-24T05:40:06.242Z",
      "updated_at": "2026-04-08T09:01:25.310Z"
    }
  },
  {
    "model": "product.product",
    "pk": 21,
    "fields": {
      "name": "WP5",
      "slug": "women_P5",
      "price": "990",
      "category": 7,
      "image": "media/ffjhptttys0j138wijer",
      "stock": 0,
      "is_available": true,
      "is_new": false,
      "discount": null,
      "created_at": "2025-11-24T05:40:29.104Z",
      "updated_at": "2026-04-08T09:01:26.856Z"
    }
  },
  {
    "model": "product.product",
    "pk": 22,
    "fields": {
      "name": "WP6",
      "slug": "women_P6",
      "price": "990",
      "category": 7,
      "image": "media/whpjmyapddbxsbdbgzeb",
      "stock": 100,
      "is_available": true,
      "is_new": false,
      "discount": null,
      "created_at": "2025-11-24T05:40:46.592Z",
      "updated_at": "2026-04-08T09:01:27.843Z"
    }
  },
  {
    "model": "product.product",
    "pk": 23,
    "fields": {
      "name": "WP7",
      "slug": "women_P7",
      "price": "990",
      "category": 7,
      "image": "media/yjcbwzpumwob4rorvpsq",
      "stock": 100,
      "is_available": true,
      "is_new": false,
      "discount": null,
      "created_at": "2025-11-24T05:41:03.849Z",
      "updated_at": "2026-04-08T09:01:29.215Z"
    }
  },
  {
    "model": "product.product",
    "pk": 24,
    "fields": {
      "name": "MT1",
      "slug": "men_T1",
      "price": "290",
      "category": 8,
      "image": "media/fzuphxu2k89fjym7elqy",
      "stock": 100,
      "is_available": true,
      "is_new": false,
      "discount": null,
      "created_at": "2025-11-25T09:08:32.775Z",
      "updated_at": "2026-04-08T09:01:31.582Z"
    }
  },
  {
    "model": "product.product",
    "pk": 25,
    "fields": {
      "name": "MT2",
      "slug": "men_T2",
      "price": "590",
      "category": 8,
      "image": "media/vyptwb4sluah8sleb9kd",
      "stock": 100,
      "is_available": true,
      "is_new": false,
      "discount": null,
      "created_at": "2025-11-25T09:08:57.293Z",
      "updated_at": "2026-04-08T09:01:33.270Z"
    }
  },
  {
    "model": "product.product",
    "pk": 26,
    "fields": {
      "name": "MT3",
      "slug": "men_T3",
      "price": "590",
      "category": 8,
      "image": "media/i5xoxllbrjnxnyrk0qet",
      "stock": 100,
      "is_available": true,
      "is_new": false,
      "discount": null,
      "created_at": "2025-11-25T09:09:28.578Z",
      "updated_at": "2026-04-08T09:01:35.574Z"
    }
  },
  {
    "model": "product.product",
    "pk": 27,
    "fields": {
      "name": "MT4",
      "slug": "men_T4",
      "price": "590",
      "category": 8,
      "image": "media/aqyk5m6fpkievcxgd1q6",
      "stock": 100,
      "is_available": true,
      "is_new": false,
      "discount": null,
      "created_at": "2025-11-25T09:09:51.924Z",
      "updated_at": "2026-04-08T09:01:37.035Z"
    }
  },
  {
    "model": "product.product",
    "pk": 28,
    "fields": {
      "name": "MC1",
      "slug": "men_C1",
      "price": "790",
      "category": 9,
      "image": "media/tuusm6jtgrssrmkz5kmy",
      "stock": 100,
      "is_available": true,
      "is_new": false,
      "discount": null,
      "created_at": "2025-11-25T09:39:00.330Z",
      "updated_at": "2026-04-08T09:01:38.393Z"
    }
  },
  {
    "model": "product.product",
    "pk": 29,
    "fields": {
      "name": "MC2",
      "slug": "men_C2",
      "price": "1490",
      "category": 9,
      "image": "media/ixhfmjlykpqgzgm35rju",
      "stock": 100,
      "is_available": true,
      "is_new": false,
      "discount": null,
      "created_at": "2025-11-25T09:39:34.910Z",
      "updated_at": "2026-04-08T09:01:39.909Z"
    }
  },
  {
    "model": "product.product",
    "pk": 30,
    "fields": {
      "name": "MC3",
      "slug": "men_C3",
      "price": "990",
      "category": 9,
      "image": "media/io9039bd7mvytwigpbql",
      "stock": 100,
      "is_available": true,
      "is_new": false,
      "discount": null,
      "created_at": "2025-11-25T09:40:03.927Z",
      "updated_at": "2026-04-08T09:01:41.091Z"
    }
  },
  {
    "model": "product.product",
    "pk": 31,
    "fields": {
      "name": "MC4",
      "slug": "men_C4",
      "price": "990",
      "category": 9,
      "image": "media/f196k37ay5g2ehvyn40h",
      "stock": 100,
      "is_available": true,
      "is_new": false,
      "discount": null,
      "created_at": "2025-11-25T09:40:31.107Z",
      "updated_at": "2026-04-08T09:01:42.986Z"
    }
  },
  {
    "model": "product.product",
    "pk": 32,
    "fields": {
      "name": "MC5",
      "slug": "men_C5",
      "price": "990",
      "category": 9,
      "image": "media/kzlwtlky7z9gerovinjf",
      "stock": 100,
      "is_available": true,
      "is_new": false,
      "discount": null,
      "created_at": "2025-11-25T09:40:54.996Z",
      "updated_at": "2026-04-08T09:01:44.413Z"
    }
  },
  {
    "model": "product.product",
    "pk": 33,
    "fields": {
      "name": "MC6",
      "slug": "men_C6",
      "price": "990",
      "category": 9,
      "image": "media/ha4o5ku8l7azyhporqoi",
      "stock": 100,
      "is_available": true,
      "is_new": false,
      "discount": null,
      "created_at": "2025-11-25T09:41:14.912Z",
      "updated_at": "2026-04-08T09:01:45.839Z"
    }
  },
  {
    "model": "product.product",
    "pk": 34,
    "fields": {
      "name": "MC7",
      "slug": "men_C7",
      "price": "1490",
      "category": 9,
      "image": "media/ahm1q2sinv3c1e0chzxy",
      "stock": 100,
      "is_available": true,
      "is_new": false,
      "discount": null,
      "created_at": "2025-11-25T09:41:37.147Z",
      "updated_at": "2026-04-08T09:01:46.989Z"
    }
  },
  {
    "model": "product.product",
    "pk": 35,
    "fields": {
      "name": "MC8",
      "slug": "men_C8",
      "price": "1690",
      "category": 9,
      "image": "media/vu1jzntggsxwc5geprpo",
      "stock": 100,
      "is_available": true,
      "is_new": false,
      "discount": null,
      "created_at": "2025-11-25T09:42:01.186Z",
      "updated_at": "2026-04-08T09:01:48.120Z"
    }
  },
  {
    "model": "product.product",
    "pk": 36,
    "fields": {
      "name": "MT5",
      "slug": "men_T5",
      "price": "390",
      "category": 8,
      "image": "media/uy2m9wdgyi2g7trl52qz",
      "stock": 100,
      "is_available": true,
      "is_new": false,
      "discount": null,
      "created_at": "2025-11-26T07:52:54.654Z",
      "updated_at": "2026-04-08T09:01:49.623Z"
    }
  },
  {
    "model": "product.product",
    "pk": 37,
    "fields": {
      "name": "MT6",
      "slug": "men_T6",
      "price": "590",
      "category": 8,
      "image": "media/poqejz7byszowwts5thu",
      "stock": 100,
      "is_available": true,
      "is_new": false,
      "discount": null,
      "created_at": "2025-11-26T07:53:19.306Z",
      "updated_at": "2026-04-08T09:01:50.855Z"
    }
  },
  {
    "model": "product.product",
    "pk": 38,
    "fields": {
      "name": "MP1",
      "slug": "men_P1",
      "price": "990",
      "category": 10,
      "image": "media/lyskzaqazcpna30atvan",
      "stock": 100,
      "is_available": true,
      "is_new": false,
      "discount": null,
      "created_at": "2025-11-26T07:54:59.809Z",
      "updated_at": "2026-04-08T09:01:51.976Z"
    }
  },
  {
    "model": "product.product",
    "pk": 39,
    "fields": {
      "name": "MP2",
      "slug": "men_P2",
      "price": "1290",
      "category": 10,
      "image": "media/z6ooa4geaddbhjckd031",
      "stock": 100,
      "is_available": true,
      "is_new": false,
      "discount": null,
      "created_at": "2025-11-26T07:55:25.018Z",
      "updated_at": "2026-04-08T09:01:53.104Z"
    }
  },
  {
    "model": "product.product",
    "pk": 40,
    "fields": {
      "name": "MP3",
      "slug": "men_P3",
      "price": "990",
      "category": 10,
      "image": "media/dtqvsmhhinqg7wg7pusy",
      "stock": 100,
      "is_available": true,
      "is_new": false,
      "discount": null,
      "created_at": "2025-11-26T07:57:37.981Z",
      "updated_at": "2026-04-08T09:01:54.018Z"
    }
  },
  {
    "model": "product.product",
    "pk": 41,
    "fields": {
      "name": "MP4",
      "slug": "men_P4",
      "price": "1290",
      "category": 10,
      "image": "media/r0xcqbqwfpm7jnkcmn9v",
      "stock": 100,
      "is_available": true,
      "is_new": false,
      "discount": null,
      "created_at": "2025-11-26T07:57:58.831Z",
      "updated_at": "2026-04-08T09:01:55.484Z"
    }
  },
  {
    "model": "product.product",
    "pk": 42,
    "fields": {
      "name": "KT1",
      "slug": "kids_T1",
      "price": "290",
      "category": 11,
      "image": "media/n0p17nriphlpon7gc6sf",
      "stock": 100,
      "is_available": true,
      "is_new": false,
      "discount": null,
      "created_at": "2025-11-26T07:59:57.616Z",
      "updated_at": "2026-04-08T09:01:56.698Z"
    }
  },
  {
    "model": "product.product",
    "pk": 43,
    "fields": {
      "name": "KT2",
      "slug": "kids_T2",
      "price": "390",
      "category": 11,
      "image": "media/b9pygz54fpmylr5dpima",
      "stock": 100,
      "is_available": true,
      "is_new": false,
      "discount": null,
      "created_at": "2025-11-26T08:13:38.802Z",
      "updated_at": "2026-04-08T09:01:58.387Z"
    }
  },
  {
    "model": "orders.orderitem",
    "pk": 1,
    "fields": {
      "order": 1,
      "product": 29,
      "quantity": 1,
      "price": "1490.00",
      "subtotal": "1490.00"
    }
  },
  {
    "model": "orders.orderitem",
    "pk": 2,
    "fields": {
      "order": 2,
      "product": 16,
      "quantity": 1,
      "price": "790.00",
      "subtotal": "790.00"
    }
  },
  {
    "model": "orders.orderitem",
    "pk": 3,
    "fields": {
      "order": 3,
      "product": 18,
      "quantity": 1,
      "price": "990.00",
      "subtotal": "990.00"
    }
  },
  {
    "model": "orders.orderitem",
    "pk": 4,
    "fields": {
      "order": 3,
      "product": 33,
      "quantity": 1,
      "price": "990.00",
      "subtotal": "990.00"
    }
  },
  {
    "model": "orders.orderitem",
    "pk": 5,
    "fields": {
      "order": 4,
      "product": 30,
      "quantity": 1,
      "price": "990.00",
      "subtotal": "990.00"
    }
  },
  {
    "model": "orders.orderitem",
    "pk": 6,
    "fields": {
      "order": 5,
      "product": 42,
      "quantity": 1,
      "price": "290.00",
      "subtotal": "290.00"
    }
  },
  {
    "model": "orders.orderitem",
    "pk": 7,
    "fields": {
      "order": 6,
      "product": 38,
      "quantity": 1,
      "price": "990.00",
      "subtotal": "990.00"
    }
  },
  {
    "model": "auth.permission",
    "fields": {
      "name": "Can add log entry",
      "content_type": [
        "admin",
        "logentry"
      ],
      "codename": "add_logentry"
    }
  },
  {
    "model": "auth.permission",
    "fields": {
      "name": "Can change log entry",
      "content_type": [
        "admin",
        "logentry"
      ],
      "codename": "change_logentry"
    }
  },
  {
    "model": "auth.permission",
    "fields": {
      "name": "Can delete log entry",
      "content_type": [
        "admin",
        "logentry"
      ],
      "codename": "delete_logentry"
    }
  },
  {
    "model": "auth.permission",
    "fields": {
      "name": "Can view log entry",
      "content_type": [
        "admin",
        "logentry"
      ],
      "codename": "view_logentry"
    }
  },
  {
    "model": "auth.permission",
    "fields": {
      "name": "Can add permission",
      "content_type": [
        "auth",
        "permission"
      ],
      "codename": "add_permission"
    }
  },
  {
    "model": "auth.permission",
    "fields": {
      "name": "Can change permission",
      "content_type": [
        "auth",
        "permission"
      ],
      "codename": "change_permission"
    }
  },
  {
    "model": "auth.permission",
    "fields": {
      "name": "Can delete permission",
      "content_type": [
        "auth",
        "permission"
      ],
      "codename": "delete_permission"
    }
  },
  {
    "model": "auth.permission",
    "fields": {
      "name": "Can view permission",
      "content_type": [
        "auth",
        "permission"
      ],
      "codename": "view_permission"
    }
  },
  {
    "model": "auth.permission",
    "fields": {
      "name": "Can add group",
      "content_type": [
        "auth",
        "group"
      ],
      "codename": "add_group"
    }
  },
  {
    "model": "auth.permission",
    "fields": {
      "name": "Can change group",
      "content_type": [
        "auth",
        "group"
      ],
      "codename": "change_group"
    }
  },
  {
    "model": "auth.permission",
    "fields": {
      "name": "Can delete group",
      "content_type": [
        "auth",
        "group"
      ],
      "codename": "delete_group"
    }
  },
  {
    "model": "auth.permission",
    "fields": {
      "name": "Can view group",
      "content_type": [
        "auth",
        "group"
      ],
      "codename": "view_group"
    }
  },
  {
    "model": "auth.permission",
    "fields": {
      "name": "Can add user",
      "content_type": [
        "auth",
        "user"
      ],
      "codename": "add_user"
    }
  },
  {
    "model": "auth.permission",
    "fields": {
      "name": "Can change user",
      "content_type": [
        "auth",
        "user"
      ],
      "codename": "change_user"
    }
  },
  {
    "model": "auth.permission",
    "fields": {
      "name": "Can delete user",
      "content_type": [
        "auth",
        "user"
      ],
      "codename": "delete_user"
    }
  },
  {
    "model": "auth.permission",
    "fields": {
      "name": "Can view user",
      "content_type": [
        "auth",
        "user"
      ],
      "codename": "view_user"
    }
  },
  {
    "model": "auth.permission",
    "fields": {
      "name": "Can add content type",
      "content_type": [
        "contenttypes",
        "contenttype"
      ],
      "codename": "add_contenttype"
    }
  },
  {
    "model": "auth.permission",
    "fields": {
      "name": "Can change content type",
      "content_type": [
        "contenttypes",
        "contenttype"
      ],
      "codename": "change_contenttype"
    }
  },
  {
    "model": "auth.permission",
    "fields": {
      "name": "Can delete content type",
      "content_type": [
        "contenttypes",
        "contenttype"
      ],
      "codename": "delete_contenttype"
    }
  },
  {
    "model": "auth.permission",
    "fields": {
      "name": "Can view content type",
      "content_type": [
        "contenttypes",
        "contenttype"
      ],
      "codename": "view_contenttype"
    }
  },
  {
    "model": "auth.permission",
    "fields": {
      "name": "Can add session",
      "content_type": [
        "sessions",
        "session"
      ],
      "codename": "add_session"
    }
  },
  {
    "model": "auth.permission",
    "fields": {
      "name": "Can change session",
      "content_type": [
        "sessions",
        "session"
      ],
      "codename": "change_session"
    }
  },
  {
    "model": "auth.permission",
    "fields": {
      "name": "Can delete session",
      "content_type": [
        "sessions",
        "session"
      ],
      "codename": "delete_session"
    }
  },
  {
    "model": "auth.permission",
    "fields": {
      "name": "Can view session",
      "content_type": [
        "sessions",
        "session"
      ],
      "codename": "view_session"
    }
  },
  {
    "model": "auth.permission",
    "fields": {
      "name": "Can add 分類",
      "content_type": [
        "product",
        "category"
      ],
      "codename": "add_category"
    }
  },
  {
    "model": "auth.permission",
    "fields": {
      "name": "Can change 分類",
      "content_type": [
        "product",
        "category"
      ],
      "codename": "change_category"
    }
  },
  {
    "model": "auth.permission",
    "fields": {
      "name": "Can delete 分類",
      "content_type": [
        "product",
        "category"
      ],
      "codename": "delete_category"
    }
  },
  {
    "model": "auth.permission",
    "fields": {
      "name": "Can view 分類",
      "content_type": [
        "product",
        "category"
      ],
      "codename": "view_category"
    }
  },
  {
    "model": "auth.permission",
    "fields": {
      "name": "Can add 商品",
      "content_type": [
        "product",
        "product"
      ],
      "codename": "add_product"
    }
  },
  {
    "model": "auth.permission",
    "fields": {
      "name": "Can change 商品",
      "content_type": [
        "product",
        "product"
      ],
      "codename": "change_product"
    }
  },
  {
    "model": "auth.permission",
    "fields": {
      "name": "Can delete 商品",
      "content_type": [
        "product",
        "product"
      ],
      "codename": "delete_product"
    }
  },
  {
    "model": "auth.permission",
    "fields": {
      "name": "Can view 商品",
      "content_type": [
        "product",
        "product"
      ],
      "codename": "view_product"
    }
  },
  {
    "model": "auth.permission",
    "fields": {
      "name": "Can add 商品圖片",
      "content_type": [
        "product",
        "productimage"
      ],
      "codename": "add_productimage"
    }
  },
  {
    "model": "auth.permission",
    "fields": {
      "name": "Can change 商品圖片",
      "content_type": [
        "product",
        "productimage"
      ],
      "codename": "change_productimage"
    }
  },
  {
    "model": "auth.permission",
    "fields": {
      "name": "Can delete 商品圖片",
      "content_type": [
        "product",
        "productimage"
      ],
      "codename": "delete_productimage"
    }
  },
  {
    "model": "auth.permission",
    "fields": {
      "name": "Can view 商品圖片",
      "content_type": [
        "product",
        "productimage"
      ],
      "codename": "view_productimage"
    }
  },
  {
    "model": "auth.permission",
    "fields": {
      "name": "Can add address",
      "content_type": [
        "account",
        "address"
      ],
      "codename": "add_address"
    }
  },
  {
    "model": "auth.permission",
    "fields": {
      "name": "Can change address",
      "content_type": [
        "account",
        "address"
      ],
      "codename": "change_address"
    }
  },
  {
    "model": "auth.permission",
    "fields": {
      "name": "Can delete address",
      "content_type": [
        "account",
        "address"
      ],
      "codename": "delete_address"
    }
  },
  {
    "model": "auth.permission",
    "fields": {
      "name": "Can view address",
      "content_type": [
        "account",
        "address"
      ],
      "codename": "view_address"
    }
  },
  {
    "model": "auth.permission",
    "fields": {
      "name": "Can add order address",
      "content_type": [
        "orders",
        "orderaddress"
      ],
      "codename": "add_orderaddress"
    }
  },
  {
    "model": "auth.permission",
    "fields": {
      "name": "Can change order address",
      "content_type": [
        "orders",
        "orderaddress"
      ],
      "codename": "change_orderaddress"
    }
  },
  {
    "model": "auth.permission",
    "fields": {
      "name": "Can delete order address",
      "content_type": [
        "orders",
        "orderaddress"
      ],
      "codename": "delete_orderaddress"
    }
  },
  {
    "model": "auth.permission",
    "fields": {
      "name": "Can view order address",
      "content_type": [
        "orders",
        "orderaddress"
      ],
      "codename": "view_orderaddress"
    }
  },
  {
    "model": "auth.permission",
    "fields": {
      "name": "Can add order",
      "content_type": [
        "orders",
        "order"
      ],
      "codename": "add_order"
    }
  },
  {
    "model": "auth.permission",
    "fields": {
      "name": "Can change order",
      "content_type": [
        "orders",
        "order"
      ],
      "codename": "change_order"
    }
  },
  {
    "model": "auth.permission",
    "fields": {
      "name": "Can delete order",
      "content_type": [
        "orders",
        "order"
      ],
      "codename": "delete_order"
    }
  },
  {
    "model": "auth.permission",
    "fields": {
      "name": "Can view order",
      "content_type": [
        "orders",
        "order"
      ],
      "codename": "view_order"
    }
  },
  {
    "model": "auth.permission",
    "fields": {
      "name": "Can add 訂單項目",
      "content_type": [
        "orders",
        "orderitem"
      ],
      "codename": "add_orderitem"
    }
  },
  {
    "model": "auth.permission",
    "fields": {
      "name": "Can change 訂單項目",
      "content_type": [
        "orders",
        "orderitem"
      ],
      "codename": "change_orderitem"
    }
  },
  {
    "model": "auth.permission",
    "fields": {
      "name": "Can delete 訂單項目",
      "content_type": [
        "orders",
        "orderitem"
      ],
      "codename": "delete_orderitem"
    }
  },
  {
    "model": "auth.permission",
    "fields": {
      "name": "Can view 訂單項目",
      "content_type": [
        "orders",
        "orderitem"
      ],
      "codename": "view_orderitem"
    }
  },
  {
    "model": "auth.user",
    "fields": {
      "password": "pbkdf2_sha256$1000000$onVE9yBJVnGMaR95nUMUFf$89yiLYFAOl9hB36GHqWZw5VUKUPvkjDCNxbhp0eMaTQ=",
      "last_login": "2026-04-06T15:06:58.522Z",
      "is_superuser": true,
      "username": "11",
      "first_name": "",
      "last_name": "",
      "email": "",
      "is_staff": true,
      "is_active": true,
      "date_joined": "2025-11-18T13:49:35.687Z",
      "groups": [],
      "user_permissions": []
    }
  },
  {
    "model": "auth.user",
    "fields": {
      "password": "pbkdf2_sha256$1000000$FlGQY1GhnrUG9JG5YT7cgA$xCUyuCsZg0seAlPcT4eWAEa4OAsu44kd9bq6H1zUEVE=",
      "last_login": "2026-04-01T08:35:02.119Z",
      "is_superuser": false,
      "username": "qweqwe",
      "first_name": "",
      "last_name": "",
      "email": "",
      "is_staff": false,
      "is_active": true,
      "date_joined": "2026-04-01T08:34:45.314Z",
      "groups": [],
      "user_permissions": []
    }
  },
  {
    "model": "account.address",
    "pk": 32,
    "fields": {
      "user": [
        "11"
      ],
      "receiver": "ttee",
      "phone": "0982777555",
      "address": "",
      "city": "新北市",
      "district": "八里區",
      "street_address": "refsd",
      "postal_code": "249",
      "is_default": false,
      "created_at": "2026-03-04T17:42:51.518Z",
      "update_at": "2026-03-13T03:15:34.845Z"
    }
  },
  {
    "model": "account.address",
    "pk": 35,
    "fields": {
      "user": [
        "11"
      ],
      "receiver": "裘瑪",
      "phone": "0977888111",
      "address": "",
      "city": "屏東縣",
      "district": "萬丹鄉",
      "street_address": "hgfhfg",
      "postal_code": "913",
      "is_default": false,
      "created_at": "2026-03-08T18:06:25.474Z",
      "update_at": "2026-03-09T08:15:32.860Z"
    }
  },
  {
    "model": "account.address",
    "pk": 36,
    "fields": {
      "user": [
        "11"
      ],
      "receiver": "馬卡歐",
      "phone": "0977888111",
      "address": "",
      "city": "嘉義縣",
      "district": "鹿草鄉",
      "street_address": "hgfhfg",
      "postal_code": "611",
      "is_default": false,
      "created_at": "2026-03-09T07:33:39.283Z",
      "update_at": "2026-03-13T03:15:33.128Z"
    }
  },
  {
    "model": "account.address",
    "pk": 38,
    "fields": {
      "user": [
        "11"
      ],
      "receiver": "857",
      "phone": "0911223334",
      "address": "",
      "city": "雲林縣",
      "district": "斗南鎮",
      "street_address": "kljkljkl",
      "postal_code": "605",
      "is_default": true,
      "created_at": "2026-03-10T07:56:15.918Z",
      "update_at": "2026-03-13T03:15:36.779Z"
    }
  },
  {
    "model": "orders.order",
    "pk": 1,
    "fields": {
      "user": [
        "11"
      ],
      "order_number": "ORD20260316-DEDBB1AE",
      "delivery_method": "home_delivery",
      "payment_method": "credit_card",
      "shipping_address": 38,
      "shipping_info": {
        "type": "宅配",
        "receiver": "857",
        "phone": "0911223334",
        "city": "雲林縣",
        "district": "斗南鎮",
        "street_address": "kljkljkl",
        "full_address": "雲林縣斗南鎮kljkljkl"
      },
      "payment_info": {
        "method": "credit_card",
        "last_4_digits": "4444",
        "card_holder": "yy"
      },
      "subtotal": "1490.00",
      "shipping_fee": "60.00",
      "total_amount": "1550.00",
      "status": "pending",
      "created_at": "2026-03-16T10:53:02.367Z",
      "update_at": "2026-03-16T10:53:02.367Z"
    }
  },
  {
    "model": "orders.order",
    "pk": 2,
    "fields": {
      "user": [
        "11"
      ],
      "order_number": "ORD20260316-64B8E6E2",
      "delivery_method": "home_delivery",
      "payment_method": "credit_card",
      "shipping_address": 38,
      "shipping_info": {
        "type": "宅配",
        "receiver": "857",
        "phone": "0911223334",
        "city": "雲林縣",
        "district": "斗南鎮",
        "street_address": "kljkljkl",
        "full_address": "雲林縣斗南鎮kljkljkl"
      },
      "payment_info": {
        "method": "credit_card",
        "last_4_digits": "4444",
        "card_holder": "yy"
      },
      "subtotal": "790.00",
      "shipping_fee": "60.00",
      "total_amount": "850.00",
      "status": "pending",
      "created_at": "2026-03-16T10:55:02.463Z",
      "update_at": "2026-03-16T10:55:02.463Z"
    }
  },
  {
    "model": "orders.order",
    "pk": 3,
    "fields": {
      "user": [
        "11"
      ],
      "order_number": "ORD20260318-411956D0",
      "delivery_method": "home_delivery",
      "payment_method": "credit_card",
      "shipping_address": 38,
      "shipping_info": {
        "type": "宅配",
        "receiver": "857",
        "phone": "0911223334",
        "city": "雲林縣",
        "district": "斗南鎮",
        "street_address": "kljkljkl",
        "full_address": "雲林縣斗南鎮kljkljkl"
      },
      "payment_info": {
        "method": "credit_card",
        "last_4_digits": "4567",
        "card_holder": "xx"
      },
      "subtotal": "1980.00",
      "shipping_fee": "60.00",
      "total_amount": "2040.00",
      "status": "pending",
      "created_at": "2026-03-18T09:24:58.557Z",
      "update_at": "2026-03-18T09:24:58.557Z"
    }
  },
  {
    "model": "orders.order",
    "pk": 4,
    "fields": {
      "user": [
        "11"
      ],
      "order_number": "ORD20260323-8E5A4234",
      "delivery_method": "home_delivery",
      "payment_method": "credit_card",
      "shipping_address": 38,
      "shipping_info": {
        "type": "宅配",
        "receiver": "857",
        "phone": "0911223334",
        "city": "雲林縣",
        "district": "斗南鎮",
        "street_address": "kljkljkl",
        "full_address": "雲林縣斗南鎮kljkljkl"
      },
      "payment_info": {
        "method": "credit_card",
        "last_4_digits": "4444",
        "card_holder": "oo"
      },
      "subtotal": "990.00",
      "shipping_fee": "60.00",
      "total_amount": "1050.00",
      "status": "pending",
      "created_at": "2026-03-23T11:01:26.814Z",
      "update_at": "2026-03-23T11:01:26.814Z"
    }
  },
  {
    "model": "orders.order",
    "pk": 5,
    "fields": {
      "user": [
        "11"
      ],
      "order_number": "ORD20260325-9559D383",
      "delivery_method": "home_delivery",
      "payment_method": "credit_card",
      "shipping_address": 38,
      "shipping_info": {
        "type": "宅配",
        "receiver": "857",
        "phone": "0911223334",
        "city": "雲林縣",
        "district": "斗南鎮",
        "street_address": "kljkljkl",
        "full_address": "雲林縣斗南鎮kljkljkl"
      },
      "payment_info": {
        "method": "credit_card",
        "last_4_digits": "2222",
        "card_holder": "zz"
      },
      "subtotal": "290.00",
      "shipping_fee": "60.00",
      "total_amount": "350.00",
      "status": "pending",
      "created_at": "2026-03-25T09:17:16.731Z",
      "update_at": "2026-03-25T09:17:16.731Z"
    }
  },
  {
    "model": "orders.order",
    "pk": 6,
    "fields": {
      "user": [
        "11"
      ],
      "order_number": "ORD20260330-5C78923A",
      "delivery_method": "home_delivery",
      "payment_method": "credit_card",
      "shipping_address": 38,
      "shipping_info": {
        "type": "宅配",
        "receiver": "857",
        "phone": "0911223334",
        "city": "雲林縣",
        "district": "斗南鎮",
        "street_address": "kljkljkl",
        "full_address": "雲林縣斗南鎮kljkljkl"
      },
      "payment_info": {
        "method": "credit_card",
        "last_4_digits": "4448",
        "card_holder": "gygy"
      },
      "subtotal": "990.00",
      "shipping_fee": "60.00",
      "total_amount": "1050.00",
      "status": "pending",
      "created_at": "2026-03-30T12:33:23.924Z",
      "update_at": "2026-03-30T12:33:23.924Z"
    }
  },
  {
    "model": "admin.logentry",
    "pk": 1,
    "fields": {
      "action_time": "2025-11-18T14:19:02.317Z",
      "user": [
        "11"
      ],
      "content_type": [
        "product",
        "category"
      ],
      "object_id": "1",
      "object_repr": "WOMEN",
      "action_flag": 1,
      "change_message": "[{\"added\": {}}]"
    }
  },
  {
    "model": "admin.logentry",
    "pk": 2,
    "fields": {
      "action_time": "2025-11-18T14:28:18.049Z",
      "user": [
        "11"
      ],
      "content_type": [
        "product",
        "category"
      ],
      "object_id": "2",
      "object_repr": "MEN",
      "action_flag": 1,
      "change_message": "[{\"added\": {}}]"
    }
  },
  {
    "model": "admin.logentry",
    "pk": 3,
    "fields": {
      "action_time": "2025-11-18T14:29:42.251Z",
      "user": [
        "11"
      ],
      "content_type": [
        "product",
        "category"
      ],
      "object_id": "1",
      "object_repr": "WOMEN",
      "action_flag": 2,
      "change_message": "[{\"changed\": {\"fields\": [\"\\u6392\\u5e8f\"]}}]"
    }
  },
  {
    "model": "admin.logentry",
    "pk": 4,
    "fields": {
      "action_time": "2025-11-18T14:29:45.525Z",
      "user": [
        "11"
      ],
      "content_type": [
        "product",
        "category"
      ],
      "object_id": "2",
      "object_repr": "MEN",
      "action_flag": 2,
      "change_message": "[]"
    }
  },
  {
    "model": "admin.logentry",
    "pk": 5,
    "fields": {
      "action_time": "2025-11-18T14:29:54.240Z",
      "user": [
        "11"
      ],
      "content_type": [
        "product",
        "category"
      ],
      "object_id": "2",
      "object_repr": "MEN",
      "action_flag": 2,
      "change_message": "[{\"changed\": {\"fields\": [\"\\u6392\\u5e8f\"]}}]"
    }
  },
  {
    "model": "admin.logentry",
    "pk": 6,
    "fields": {
      "action_time": "2025-11-18T14:34:33.803Z",
      "user": [
        "11"
      ],
      "content_type": [
        "product",
        "category"
      ],
      "object_id": "3",
      "object_repr": "KIDS",
      "action_flag": 1,
      "change_message": "[{\"added\": {}}]"
    }
  },
  {
    "model": "admin.logentry",
    "pk": 7,
    "fields": {
      "action_time": "2025-11-18T14:34:42.813Z",
      "user": [
        "11"
      ],
      "content_type": [
        "product",
        "category"
      ],
      "object_id": "4",
      "object_repr": "BABY",
      "action_flag": 1,
      "change_message": "[{\"added\": {}}]"
    }
  },
  {
    "model": "admin.logentry",
    "pk": 8,
    "fields": {
      "action_time": "2025-11-18T14:53:35.479Z",
      "user": [
        "11"
      ],
      "content_type": [
        "product",
        "category"
      ],
      "object_id": "5",
      "object_repr": "WOMEN > T恤",
      "action_flag": 1,
      "change_message": "[{\"added\": {}}]"
    }
  },
  {
    "model": "admin.logentry",
    "pk": 9,
    "fields": {
      "action_time": "2025-11-18T18:01:03.076Z",
      "user": [
        "11"
      ],
      "content_type": [
        "product",
        "category"
      ],
      "object_id": "1",
      "object_repr": "WOMEN",
      "action_flag": 2,
      "change_message": "[{\"changed\": {\"fields\": [\"\\u662f\\u5426\\u555f\\u7528\"]}}]"
    }
  },
  {
    "model": "admin.logentry",
    "pk": 10,
    "fields": {
      "action_time": "2025-11-18T18:01:03.077Z",
      "user": [
        "11"
      ],
      "content_type": [
        "product",
        "category"
      ],
      "object_id": "2",
      "object_repr": "MEN",
      "action_flag": 2,
      "change_message": "[{\"changed\": {\"fields\": [\"\\u662f\\u5426\\u555f\\u7528\"]}}]"
    }
  },
  {
    "model": "admin.logentry",
    "pk": 11,
    "fields": {
      "action_time": "2025-11-18T18:01:10.175Z",
      "user": [
        "11"
      ],
      "content_type": [
        "product",
        "category"
      ],
      "object_id": "1",
      "object_repr": "WOMEN",
      "action_flag": 2,
      "change_message": "[{\"changed\": {\"fields\": [\"\\u662f\\u5426\\u555f\\u7528\"]}}]"
    }
  },
  {
    "model": "admin.logentry",
    "pk": 12,
    "fields": {
      "action_time": "2025-11-18T18:01:10.175Z",
      "user": [
        "11"
      ],
      "content_type": [
        "product",
        "category"
      ],
      "object_id": "2",
      "object_repr": "MEN",
      "action_flag": 2,
      "change_message": "[{\"changed\": {\"fields\": [\"\\u662f\\u5426\\u555f\\u7528\"]}}]"
    }
  },
  {
    "model": "admin.logentry",
    "pk": 13,
    "fields": {
      "action_time": "2025-11-18T18:01:20.375Z",
      "user": [
        "11"
      ],
      "content_type": [
        "product",
        "category"
      ],
      "object_id": "3",
      "object_repr": "KIDS",
      "action_flag": 2,
      "change_message": "[{\"changed\": {\"fields\": [\"\\u662f\\u5426\\u555f\\u7528\"]}}]"
    }
  },
  {
    "model": "admin.logentry",
    "pk": 14,
    "fields": {
      "action_time": "2025-11-18T18:01:20.376Z",
      "user": [
        "11"
      ],
      "content_type": [
        "product",
        "category"
      ],
      "object_id": "4",
      "object_repr": "BABY",
      "action_flag": 2,
      "change_message": "[{\"changed\": {\"fields\": [\"\\u662f\\u5426\\u555f\\u7528\"]}}]"
    }
  },
  {
    "model": "admin.logentry",
    "pk": 15,
    "fields": {
      "action_time": "2025-11-18T18:01:30.725Z",
      "user": [
        "11"
      ],
      "content_type": [
        "product",
        "category"
      ],
      "object_id": "3",
      "object_repr": "KIDS",
      "action_flag": 2,
      "change_message": "[{\"changed\": {\"fields\": [\"\\u662f\\u5426\\u555f\\u7528\"]}}]"
    }
  },
  {
    "model": "admin.logentry",
    "pk": 16,
    "fields": {
      "action_time": "2025-11-18T18:01:30.726Z",
      "user": [
        "11"
      ],
      "content_type": [
        "product",
        "category"
      ],
      "object_id": "4",
      "object_repr": "BABY",
      "action_flag": 2,
      "change_message": "[{\"changed\": {\"fields\": [\"\\u662f\\u5426\\u555f\\u7528\"]}}]"
    }
  },
  {
    "model": "admin.logentry",
    "pk": 17,
    "fields": {
      "action_time": "2025-11-19T09:10:12.319Z",
      "user": [
        "11"
      ],
      "content_type": [
        "product",
        "category"
      ],
      "object_id": "6",
      "object_repr": "WOMEN > 外套",
      "action_flag": 1,
      "change_message": "[{\"added\": {}}]"
    }
  },
  {
    "model": "admin.logentry",
    "pk": 18,
    "fields": {
      "action_time": "2025-11-19T09:14:50.970Z",
      "user": [
        "11"
      ],
      "content_type": [
        "product",
        "category"
      ],
      "object_id": "7",
      "object_repr": "WOMEN > 下身類",
      "action_flag": 1,
      "change_message": "[{\"added\": {}}]"
    }
  },
  {
    "model": "admin.logentry",
    "pk": 19,
    "fields": {
      "action_time": "2025-11-19T09:50:17.883Z",
      "user": [
        "11"
      ],
      "content_type": [
        "product",
        "category"
      ],
      "object_id": "7",
      "object_repr": "WOMEN > 下身類",
      "action_flag": 2,
      "change_message": "[{\"changed\": {\"fields\": [\"\\u6392\\u5e8f\"]}}]"
    }
  },
  {
    "model": "admin.logentry",
    "pk": 20,
    "fields": {
      "action_time": "2025-11-19T09:50:17.884Z",
      "user": [
        "11"
      ],
      "content_type": [
        "product",
        "category"
      ],
      "object_id": "6",
      "object_repr": "WOMEN > 外套",
      "action_flag": 2,
      "change_message": "[{\"changed\": {\"fields\": [\"\\u6392\\u5e8f\"]}}]"
    }
  },
  {
    "model": "admin.logentry",
    "pk": 21,
    "fields": {
      "action_time": "2025-11-19T10:52:43.017Z",
      "user": [
        "11"
      ],
      "content_type": [
        "product",
        "category"
      ],
      "object_id": "8",
      "object_repr": "MEN > T恤",
      "action_flag": 1,
      "change_message": "[{\"added\": {}}]"
    }
  },
  {
    "model": "admin.logentry",
    "pk": 22,
    "fields": {
      "action_time": "2025-11-19T10:53:11.423Z",
      "user": [
        "11"
      ],
      "content_type": [
        "product",
        "category"
      ],
      "object_id": "9",
      "object_repr": "MEN > 外套類",
      "action_flag": 1,
      "change_message": "[{\"added\": {}}]"
    }
  },
  {
    "model": "admin.logentry",
    "pk": 23,
    "fields": {
      "action_time": "2025-11-19T16:00:34.553Z",
      "user": [
        "11"
      ],
      "content_type": [
        "product",
        "category"
      ],
      "object_id": "10",
      "object_repr": "MEN > 下身類",
      "action_flag": 1,
      "change_message": "[{\"added\": {}}]"
    }
  },
  {
    "model": "admin.logentry",
    "pk": 24,
    "fields": {
      "action_time": "2025-11-19T16:51:57.772Z",
      "user": [
        "11"
      ],
      "content_type": [
        "product",
        "category"
      ],
      "object_id": "11",
      "object_repr": "KIDS > T恤",
      "action_flag": 1,
      "change_message": "[{\"added\": {}}]"
    }
  },
  {
    "model": "admin.logentry",
    "pk": 25,
    "fields": {
      "action_time": "2025-11-20T03:50:25.238Z",
      "user": [
        "11"
      ],
      "content_type": [
        "product",
        "category"
      ],
      "object_id": "12",
      "object_repr": "KIDS > 外套類",
      "action_flag": 1,
      "change_message": "[{\"added\": {}}]"
    }
  },
  {
    "model": "admin.logentry",
    "pk": 26,
    "fields": {
      "action_time": "2025-11-20T03:51:06.565Z",
      "user": [
        "11"
      ],
      "content_type": [
        "product",
        "category"
      ],
      "object_id": "13",
      "object_repr": "KIDS > 下身類",
      "action_flag": 1,
      "change_message": "[{\"added\": {}}]"
    }
  },
  {
    "model": "admin.logentry",
    "pk": 27,
    "fields": {
      "action_time": "2025-11-20T03:54:36.523Z",
      "user": [
        "11"
      ],
      "content_type": [
        "product",
        "product"
      ],
      "object_id": "1",
      "object_repr": "彈性半開",
      "action_flag": 1,
      "change_message": "[{\"added\": {}}]"
    }
  },
  {
    "model": "admin.logentry",
    "pk": 28,
    "fields": {
      "action_time": "2025-11-20T03:57:00.904Z",
      "user": [
        "11"
      ],
      "content_type": [
        "product",
        "product"
      ],
      "object_id": "1",
      "object_repr": "彈性半開襟T恤",
      "action_flag": 2,
      "change_message": "[{\"changed\": {\"fields\": [\"\\u5546\\u54c1\\u540d\\u7a31\"]}}]"
    }
  },
  {
    "model": "admin.logentry",
    "pk": 29,
    "fields": {
      "action_time": "2025-11-20T06:24:54.927Z",
      "user": [
        "11"
      ],
      "content_type": [
        "product",
        "product"
      ],
      "object_id": "1",
      "object_repr": "彈性半開襟T恤",
      "action_flag": 2,
      "change_message": "[{\"changed\": {\"fields\": [\"\\u7db2\\u5740\\u4ee3\\u7a31\"]}}]"
    }
  },
  {
    "model": "admin.logentry",
    "pk": 30,
    "fields": {
      "action_time": "2025-11-20T06:26:11.061Z",
      "user": [
        "11"
      ],
      "content_type": [
        "product",
        "product"
      ],
      "object_id": "2",
      "object_repr": "羅紋",
      "action_flag": 1,
      "change_message": "[{\"added\": {}}]"
    }
  },
  {
    "model": "admin.logentry",
    "pk": 31,
    "fields": {
      "action_time": "2025-11-20T06:27:48.101Z",
      "user": [
        "11"
      ],
      "content_type": [
        "product",
        "product"
      ],
      "object_id": "3",
      "object_repr": "華夫格圓領T恤",
      "action_flag": 1,
      "change_message": "[{\"added\": {}}]"
    }
  },
  {
    "model": "admin.logentry",
    "pk": 32,
    "fields": {
      "action_time": "2025-11-20T06:29:17.459Z",
      "user": [
        "11"
      ],
      "content_type": [
        "product",
        "product"
      ],
      "object_id": "4",
      "object_repr": "個性素T",
      "action_flag": 1,
      "change_message": "[{\"added\": {}}]"
    }
  },
  {
    "model": "admin.logentry",
    "pk": 33,
    "fields": {
      "action_time": "2025-11-20T06:29:23.428Z",
      "user": [
        "11"
      ],
      "content_type": [
        "product",
        "product"
      ],
      "object_id": "4",
      "object_repr": "個性素T",
      "action_flag": 2,
      "change_message": "[{\"changed\": {\"fields\": [\"\\u5eab\\u5b58\\u6578\\u91cf\"]}}]"
    }
  },
  {
    "model": "admin.logentry",
    "pk": 34,
    "fields": {
      "action_time": "2025-11-20T06:34:35.208Z",
      "user": [
        "11"
      ],
      "content_type": [
        "product",
        "product"
      ],
      "object_id": "5",
      "object_repr": "時尚無袖背心",
      "action_flag": 1,
      "change_message": "[{\"added\": {}}]"
    }
  },
  {
    "model": "admin.logentry",
    "pk": 35,
    "fields": {
      "action_time": "2025-11-20T06:37:13.444Z",
      "user": [
        "11"
      ],
      "content_type": [
        "product",
        "product"
      ],
      "object_id": "6",
      "object_repr": "羅紋亨利領T恤",
      "action_flag": 1,
      "change_message": "[{\"added\": {}}]"
    }
  },
  {
    "model": "admin.logentry",
    "pk": 36,
    "fields": {
      "action_time": "2025-11-20T06:45:07.440Z",
      "user": [
        "11"
      ],
      "content_type": [
        "product",
        "product"
      ],
      "object_id": "7",
      "object_repr": "柔滑棉質T恤",
      "action_flag": 1,
      "change_message": "[{\"added\": {}}]"
    }
  },
  {
    "model": "admin.logentry",
    "pk": 37,
    "fields": {
      "action_time": "2025-11-20T06:46:52.387Z",
      "user": [
        "11"
      ],
      "content_type": [
        "product",
        "product"
      ],
      "object_id": "8",
      "object_repr": "華夫格圓領條紋T",
      "action_flag": 1,
      "change_message": "[{\"added\": {}}]"
    }
  },
  {
    "model": "admin.logentry",
    "pk": 38,
    "fields": {
      "action_time": "2025-11-20T12:15:12.176Z",
      "user": [
        "11"
      ],
      "content_type": [
        "product",
        "product"
      ],
      "object_id": "1",
      "object_repr": "彈性半開襟T恤",
      "action_flag": 2,
      "change_message": "[{\"changed\": {\"fields\": [\"\\u5546\\u54c1\\u5716\\u7247\"]}}]"
    }
  },
  {
    "model": "admin.logentry",
    "pk": 39,
    "fields": {
      "action_time": "2025-11-20T12:15:19.937Z",
      "user": [
        "11"
      ],
      "content_type": [
        "product",
        "product"
      ],
      "object_id": "1",
      "object_repr": "彈性半開襟T恤",
      "action_flag": 2,
      "change_message": "[{\"changed\": {\"fields\": [\"\\u5546\\u54c1\\u5716\\u7247\"]}}]"
    }
  },
  {
    "model": "admin.logentry",
    "pk": 40,
    "fields": {
      "action_time": "2025-11-20T12:15:35.252Z",
      "user": [
        "11"
      ],
      "content_type": [
        "product",
        "product"
      ],
      "object_id": "2",
      "object_repr": "羅紋圓領T恤",
      "action_flag": 2,
      "change_message": "[{\"changed\": {\"fields\": [\"\\u5546\\u54c1\\u540d\\u7a31\", \"\\u5546\\u54c1\\u5716\\u7247\"]}}]"
    }
  },
  {
    "model": "admin.logentry",
    "pk": 41,
    "fields": {
      "action_time": "2025-11-20T12:15:46.814Z",
      "user": [
        "11"
      ],
      "content_type": [
        "product",
        "product"
      ],
      "object_id": "2",
      "object_repr": "羅紋圓領T恤",
      "action_flag": 2,
      "change_message": "[{\"changed\": {\"fields\": [\"\\u5546\\u54c1\\u5716\\u7247\"]}}]"
    }
  },
  {
    "model": "admin.logentry",
    "pk": 42,
    "fields": {
      "action_time": "2025-11-20T12:16:01.977Z",
      "user": [
        "11"
      ],
      "content_type": [
        "product",
        "product"
      ],
      "object_id": "3",
      "object_repr": "華夫格圓領T恤",
      "action_flag": 2,
      "change_message": "[{\"changed\": {\"fields\": [\"\\u5546\\u54c1\\u5716\\u7247\"]}}]"
    }
  },
  {
    "model": "admin.logentry",
    "pk": 43,
    "fields": {
      "action_time": "2025-11-20T12:16:10.949Z",
      "user": [
        "11"
      ],
      "content_type": [
        "product",
        "product"
      ],
      "object_id": "3",
      "object_repr": "華夫格圓領T恤",
      "action_flag": 2,
      "change_message": "[{\"changed\": {\"fields\": [\"\\u5546\\u54c1\\u5716\\u7247\"]}}]"
    }
  },
  {
    "model": "admin.logentry",
    "pk": 44,
    "fields": {
      "action_time": "2025-11-20T12:16:16.064Z",
      "user": [
        "11"
      ],
      "content_type": [
        "product",
        "product"
      ],
      "object_id": "4",
      "object_repr": "個性素T",
      "action_flag": 2,
      "change_message": "[{\"changed\": {\"fields\": [\"\\u5546\\u54c1\\u5716\\u7247\"]}}]"
    }
  },
  {
    "model": "admin.logentry",
    "pk": 45,
    "fields": {
      "action_time": "2025-11-20T12:16:22.686Z",
      "user": [
        "11"
      ],
      "content_type": [
        "product",
        "product"
      ],
      "object_id": "4",
      "object_repr": "個性素T",
      "action_flag": 2,
      "change_message": "[{\"changed\": {\"fields\": [\"\\u5546\\u54c1\\u5716\\u7247\"]}}]"
    }
  },
  {
    "model": "admin.logentry",
    "pk": 46,
    "fields": {
      "action_time": "2025-11-20T12:16:28.810Z",
      "user": [
        "11"
      ],
      "content_type": [
        "product",
        "product"
      ],
      "object_id": "5",
      "object_repr": "時尚無袖背心",
      "action_flag": 2,
      "change_message": "[{\"changed\": {\"fields\": [\"\\u5546\\u54c1\\u5716\\u7247\"]}}]"
    }
  },
  {
    "model": "admin.logentry",
    "pk": 47,
    "fields": {
      "action_time": "2025-11-20T12:16:35.165Z",
      "user": [
        "11"
      ],
      "content_type": [
        "product",
        "product"
      ],
      "object_id": "5",
      "object_repr": "時尚無袖背心",
      "action_flag": 2,
      "change_message": "[{\"changed\": {\"fields\": [\"\\u5546\\u54c1\\u5716\\u7247\"]}}]"
    }
  },
  {
    "model": "admin.logentry",
    "pk": 48,
    "fields": {
      "action_time": "2025-11-20T12:16:40.329Z",
      "user": [
        "11"
      ],
      "content_type": [
        "product",
        "product"
      ],
      "object_id": "6",
      "object_repr": "羅紋亨利領T恤",
      "action_flag": 2,
      "change_message": "[{\"changed\": {\"fields\": [\"\\u5546\\u54c1\\u5716\\u7247\"]}}]"
    }
  },
  {
    "model": "admin.logentry",
    "pk": 49,
    "fields": {
      "action_time": "2025-11-20T12:16:46.547Z",
      "user": [
        "11"
      ],
      "content_type": [
        "product",
        "product"
      ],
      "object_id": "6",
      "object_repr": "羅紋亨利領T恤",
      "action_flag": 2,
      "change_message": "[{\"changed\": {\"fields\": [\"\\u5546\\u54c1\\u5716\\u7247\"]}}]"
    }
  },
  {
    "model": "admin.logentry",
    "pk": 50,
    "fields": {
      "action_time": "2025-11-20T12:16:51.055Z",
      "user": [
        "11"
      ],
      "content_type": [
        "product",
        "product"
      ],
      "object_id": "7",
      "object_repr": "柔滑棉質T恤",
      "action_flag": 2,
      "change_message": "[{\"changed\": {\"fields\": [\"\\u5546\\u54c1\\u5716\\u7247\"]}}]"
    }
  },
  {
    "model": "admin.logentry",
    "pk": 51,
    "fields": {
      "action_time": "2025-11-20T12:16:58.102Z",
      "user": [
        "11"
      ],
      "content_type": [
        "product",
        "product"
      ],
      "object_id": "7",
      "object_repr": "柔滑棉質T恤",
      "action_flag": 2,
      "change_message": "[{\"changed\": {\"fields\": [\"\\u5546\\u54c1\\u5716\\u7247\"]}}]"
    }
  },
  {
    "model": "admin.logentry",
    "pk": 52,
    "fields": {
      "action_time": "2025-11-20T12:17:01.922Z",
      "user": [
        "11"
      ],
      "content_type": [
        "product",
        "product"
      ],
      "object_id": "8",
      "object_repr": "華夫格圓領條紋T",
      "action_flag": 2,
      "change_message": "[{\"changed\": {\"fields\": [\"\\u5546\\u54c1\\u5716\\u7247\"]}}]"
    }
  },
  {
    "model": "admin.logentry",
    "pk": 53,
    "fields": {
      "action_time": "2025-11-20T12:17:07.821Z",
      "user": [
        "11"
      ],
      "content_type": [
        "product",
        "product"
      ],
      "object_id": "8",
      "object_repr": "華夫格圓領條紋T",
      "action_flag": 2,
      "change_message": "[{\"changed\": {\"fields\": [\"\\u5546\\u54c1\\u5716\\u7247\"]}}]"
    }
  },
  {
    "model": "admin.logentry",
    "pk": 54,
    "fields": {
      "action_time": "2025-11-21T03:43:21.217Z",
      "user": [
        "11"
      ],
      "content_type": [
        "product",
        "category"
      ],
      "object_id": "5",
      "object_repr": "WOMEN > T恤",
      "action_flag": 2,
      "change_message": "[{\"changed\": {\"fields\": [\"\\u5927\\u5716\\u6a6b\\u5e45\"]}}]"
    }
  },
  {
    "model": "admin.logentry",
    "pk": 55,
    "fields": {
      "action_time": "2025-11-21T04:29:37.140Z",
      "user": [
        "11"
      ],
      "content_type": [
        "product",
        "category"
      ],
      "object_id": "5",
      "object_repr": "WOMEN > T恤",
      "action_flag": 2,
      "change_message": "[{\"changed\": {\"fields\": [\"\\u5927\\u5716\\u6a6b\\u5e45\"]}}]"
    }
  },
  {
    "model": "admin.logentry",
    "pk": 56,
    "fields": {
      "action_time": "2025-11-21T04:30:03.093Z",
      "user": [
        "11"
      ],
      "content_type": [
        "product",
        "category"
      ],
      "object_id": "5",
      "object_repr": "WOMEN > T恤",
      "action_flag": 2,
      "change_message": "[{\"changed\": {\"fields\": [\"\\u5927\\u5716\\u6a6b\\u5e45\"]}}]"
    }
  },
  {
    "model": "admin.logentry",
    "pk": 57,
    "fields": {
      "action_time": "2025-11-21T04:31:23.348Z",
      "user": [
        "11"
      ],
      "content_type": [
        "product",
        "category"
      ],
      "object_id": "5",
      "object_repr": "WOMEN > T恤",
      "action_flag": 2,
      "change_message": "[{\"changed\": {\"fields\": [\"\\u5927\\u5716\\u6a6b\\u5e45\"]}}]"
    }
  },
  {
    "model": "admin.logentry",
    "pk": 58,
    "fields": {
      "action_time": "2025-11-21T04:31:30.047Z",
      "user": [
        "11"
      ],
      "content_type": [
        "product",
        "category"
      ],
      "object_id": "5",
      "object_repr": "WOMEN > T恤",
      "action_flag": 2,
      "change_message": "[{\"changed\": {\"fields\": [\"\\u5927\\u5716\\u6a6b\\u5e45\"]}}]"
    }
  },
  {
    "model": "admin.logentry",
    "pk": 59,
    "fields": {
      "action_time": "2025-11-23T05:36:47.114Z",
      "user": [
        "11"
      ],
      "content_type": [
        "product",
        "category"
      ],
      "object_id": "6",
      "object_repr": "WOMEN > 外套",
      "action_flag": 2,
      "change_message": "[{\"changed\": {\"fields\": [\"\\u5927\\u5716\\u6a6b\\u5e45\"]}}]"
    }
  },
  {
    "model": "admin.logentry",
    "pk": 60,
    "fields": {
      "action_time": "2025-11-23T08:54:31.107Z",
      "user": [
        "11"
      ],
      "content_type": [
        "product",
        "product"
      ],
      "object_id": "9",
      "object_repr": "輕暖連帽羽絨外套",
      "action_flag": 1,
      "change_message": "[{\"added\": {}}]"
    }
  },
  {
    "model": "admin.logentry",
    "pk": 61,
    "fields": {
      "action_time": "2025-11-23T08:57:50.580Z",
      "user": [
        "11"
      ],
      "content_type": [
        "product",
        "product"
      ],
      "object_id": "10",
      "object_repr": "涼感防風運動外套",
      "action_flag": 1,
      "change_message": "[{\"added\": {}}]"
    }
  },
  {
    "model": "admin.logentry",
    "pk": 62,
    "fields": {
      "action_time": "2025-11-23T09:00:32.133Z",
      "user": [
        "11"
      ],
      "content_type": [
        "product",
        "product"
      ],
      "object_id": "11",
      "object_repr": "長版西裝大衣",
      "action_flag": 1,
      "change_message": "[{\"added\": {}}]"
    }
  },
  {
    "model": "admin.logentry",
    "pk": 63,
    "fields": {
      "action_time": "2025-11-23T09:08:38.816Z",
      "user": [
        "11"
      ],
      "content_type": [
        "product",
        "product"
      ],
      "object_id": "12",
      "object_repr": "機能防潑水運動外套",
      "action_flag": 1,
      "change_message": "[{\"added\": {}}]"
    }
  },
  {
    "model": "admin.logentry",
    "pk": 64,
    "fields": {
      "action_time": "2025-11-23T09:17:40.562Z",
      "user": [
        "11"
      ],
      "content_type": [
        "product",
        "product"
      ],
      "object_id": "13",
      "object_repr": "無領菱格鋪棉外套",
      "action_flag": 1,
      "change_message": "[{\"added\": {}}]"
    }
  },
  {
    "model": "admin.logentry",
    "pk": 65,
    "fields": {
      "action_time": "2025-11-23T09:21:22.795Z",
      "user": [
        "11"
      ],
      "content_type": [
        "product",
        "product"
      ],
      "object_id": "14",
      "object_repr": "時尚挺版剪裁大衣",
      "action_flag": 1,
      "change_message": "[{\"added\": {}}]"
    }
  },
  {
    "model": "admin.logentry",
    "pk": 66,
    "fields": {
      "action_time": "2025-11-23T09:29:45.838Z",
      "user": [
        "11"
      ],
      "content_type": [
        "product",
        "product"
      ],
      "object_id": "15",
      "object_repr": "極簡柔感針織外套",
      "action_flag": 1,
      "change_message": "[{\"added\": {}}]"
    }
  },
  {
    "model": "admin.logentry",
    "pk": 67,
    "fields": {
      "action_time": "2025-11-23T09:31:55.831Z",
      "user": [
        "11"
      ],
      "content_type": [
        "product",
        "product"
      ],
      "object_id": "16",
      "object_repr": "經典美式丹寧外套",
      "action_flag": 1,
      "change_message": "[{\"added\": {}}]"
    }
  },
  {
    "model": "admin.logentry",
    "pk": 68,
    "fields": {
      "action_time": "2025-11-23T09:33:22.383Z",
      "user": [
        "11"
      ],
      "content_type": [
        "product",
        "product"
      ],
      "object_id": "15",
      "object_repr": "極簡柔感針織外套",
      "action_flag": 2,
      "change_message": "[{\"changed\": {\"fields\": [\"\\u5546\\u54c1\\u5716\\u7247\"]}}]"
    }
  },
  {
    "model": "admin.logentry",
    "pk": 69,
    "fields": {
      "action_time": "2025-11-23T09:33:43.006Z",
      "user": [
        "11"
      ],
      "content_type": [
        "product",
        "product"
      ],
      "object_id": "12",
      "object_repr": "機能防潑水運動外套",
      "action_flag": 2,
      "change_message": "[{\"changed\": {\"fields\": [\"\\u5546\\u54c1\\u5716\\u7247\"]}}]"
    }
  },
  {
    "model": "admin.logentry",
    "pk": 70,
    "fields": {
      "action_time": "2025-11-24T05:38:32.885Z",
      "user": [
        "11"
      ],
      "content_type": [
        "product",
        "category"
      ],
      "object_id": "7",
      "object_repr": "WOMEN > 下身類",
      "action_flag": 2,
      "change_message": "[{\"changed\": {\"fields\": [\"\\u5927\\u5716\\u6a6b\\u5e45\"]}}]"
    }
  },
  {
    "model": "admin.logentry",
    "pk": 71,
    "fields": {
      "action_time": "2025-11-24T05:39:06.364Z",
      "user": [
        "11"
      ],
      "content_type": [
        "product",
        "product"
      ],
      "object_id": "17",
      "object_repr": "P1",
      "action_flag": 1,
      "change_message": "[{\"added\": {}}]"
    }
  },
  {
    "model": "admin.logentry",
    "pk": 72,
    "fields": {
      "action_time": "2025-11-24T05:39:25.610Z",
      "user": [
        "11"
      ],
      "content_type": [
        "product",
        "product"
      ],
      "object_id": "18",
      "object_repr": "P2",
      "action_flag": 1,
      "change_message": "[{\"added\": {}}]"
    }
  },
  {
    "model": "admin.logentry",
    "pk": 73,
    "fields": {
      "action_time": "2025-11-24T05:39:44.394Z",
      "user": [
        "11"
      ],
      "content_type": [
        "product",
        "product"
      ],
      "object_id": "19",
      "object_repr": "P3",
      "action_flag": 1,
      "change_message": "[{\"added\": {}}]"
    }
  },
  {
    "model": "admin.logentry",
    "pk": 74,
    "fields": {
      "action_time": "2025-11-24T05:40:06.244Z",
      "user": [
        "11"
      ],
      "content_type": [
        "product",
        "product"
      ],
      "object_id": "20",
      "object_repr": "P4",
      "action_flag": 1,
      "change_message": "[{\"added\": {}}]"
    }
  },
  {
    "model": "admin.logentry",
    "pk": 75,
    "fields": {
      "action_time": "2025-11-24T05:40:29.105Z",
      "user": [
        "11"
      ],
      "content_type": [
        "product",
        "product"
      ],
      "object_id": "21",
      "object_repr": "P5",
      "action_flag": 1,
      "change_message": "[{\"added\": {}}]"
    }
  },
  {
    "model": "admin.logentry",
    "pk": 76,
    "fields": {
      "action_time": "2025-11-24T05:40:46.594Z",
      "user": [
        "11"
      ],
      "content_type": [
        "product",
        "product"
      ],
      "object_id": "22",
      "object_repr": "P6",
      "action_flag": 1,
      "change_message": "[{\"added\": {}}]"
    }
  },
  {
    "model": "admin.logentry",
    "pk": 77,
    "fields": {
      "action_time": "2025-11-24T05:41:03.850Z",
      "user": [
        "11"
      ],
      "content_type": [
        "product",
        "product"
      ],
      "object_id": "23",
      "object_repr": "P7",
      "action_flag": 1,
      "change_message": "[{\"added\": {}}]"
    }
  },
  {
    "model": "admin.logentry",
    "pk": 78,
    "fields": {
      "action_time": "2025-11-25T09:06:25.967Z",
      "user": [
        "11"
      ],
      "content_type": [
        "product",
        "category"
      ],
      "object_id": "8",
      "object_repr": "MEN > T恤",
      "action_flag": 2,
      "change_message": "[{\"changed\": {\"fields\": [\"\\u5927\\u5716\\u6a6b\\u5e45\"]}}]"
    }
  },
  {
    "model": "admin.logentry",
    "pk": 79,
    "fields": {
      "action_time": "2025-11-25T09:06:45.107Z",
      "user": [
        "11"
      ],
      "content_type": [
        "product",
        "category"
      ],
      "object_id": "9",
      "object_repr": "MEN > 外套類",
      "action_flag": 2,
      "change_message": "[{\"changed\": {\"fields\": [\"\\u5927\\u5716\\u6a6b\\u5e45\"]}}]"
    }
  },
  {
    "model": "admin.logentry",
    "pk": 80,
    "fields": {
      "action_time": "2025-11-25T09:07:19.299Z",
      "user": [
        "11"
      ],
      "content_type": [
        "product",
        "product"
      ],
      "object_id": "17",
      "object_repr": "WP1",
      "action_flag": 2,
      "change_message": "[{\"changed\": {\"fields\": [\"\\u5546\\u54c1\\u540d\\u7a31\"]}}]"
    }
  },
  {
    "model": "admin.logentry",
    "pk": 81,
    "fields": {
      "action_time": "2025-11-25T09:07:24.839Z",
      "user": [
        "11"
      ],
      "content_type": [
        "product",
        "product"
      ],
      "object_id": "18",
      "object_repr": "WP2",
      "action_flag": 2,
      "change_message": "[{\"changed\": {\"fields\": [\"\\u5546\\u54c1\\u540d\\u7a31\"]}}]"
    }
  },
  {
    "model": "admin.logentry",
    "pk": 82,
    "fields": {
      "action_time": "2025-11-25T09:07:29.321Z",
      "user": [
        "11"
      ],
      "content_type": [
        "product",
        "product"
      ],
      "object_id": "19",
      "object_repr": "WP3",
      "action_flag": 2,
      "change_message": "[{\"changed\": {\"fields\": [\"\\u5546\\u54c1\\u540d\\u7a31\"]}}]"
    }
  },
  {
    "model": "admin.logentry",
    "pk": 83,
    "fields": {
      "action_time": "2025-11-25T09:07:33.621Z",
      "user": [
        "11"
      ],
      "content_type": [
        "product",
        "product"
      ],
      "object_id": "20",
      "object_repr": "WP4",
      "action_flag": 2,
      "change_message": "[{\"changed\": {\"fields\": [\"\\u5546\\u54c1\\u540d\\u7a31\"]}}]"
    }
  },
  {
    "model": "admin.logentry",
    "pk": 84,
    "fields": {
      "action_time": "2025-11-25T09:07:38.021Z",
      "user": [
        "11"
      ],
      "content_type": [
        "product",
        "product"
      ],
      "object_id": "21",
      "object_repr": "WP5",
      "action_flag": 2,
      "change_message": "[{\"changed\": {\"fields\": [\"\\u5546\\u54c1\\u540d\\u7a31\"]}}]"
    }
  },
  {
    "model": "admin.logentry",
    "pk": 85,
    "fields": {
      "action_time": "2025-11-25T09:07:43.207Z",
      "user": [
        "11"
      ],
      "content_type": [
        "product",
        "product"
      ],
      "object_id": "22",
      "object_repr": "WP6",
      "action_flag": 2,
      "change_message": "[{\"changed\": {\"fields\": [\"\\u5546\\u54c1\\u540d\\u7a31\"]}}]"
    }
  },
  {
    "model": "admin.logentry",
    "pk": 86,
    "fields": {
      "action_time": "2025-11-25T09:07:49.355Z",
      "user": [
        "11"
      ],
      "content_type": [
        "product",
        "product"
      ],
      "object_id": "23",
      "object_repr": "WP7",
      "action_flag": 2,
      "change_message": "[{\"changed\": {\"fields\": [\"\\u5546\\u54c1\\u540d\\u7a31\"]}}]"
    }
  },
  {
    "model": "admin.logentry",
    "pk": 87,
    "fields": {
      "action_time": "2025-11-25T09:08:32.776Z",
      "user": [
        "11"
      ],
      "content_type": [
        "product",
        "product"
      ],
      "object_id": "24",
      "object_repr": "MT1",
      "action_flag": 1,
      "change_message": "[{\"added\": {}}]"
    }
  },
  {
    "model": "admin.logentry",
    "pk": 88,
    "fields": {
      "action_time": "2025-11-25T09:08:57.294Z",
      "user": [
        "11"
      ],
      "content_type": [
        "product",
        "product"
      ],
      "object_id": "25",
      "object_repr": "MT2",
      "action_flag": 1,
      "change_message": "[{\"added\": {}}]"
    }
  },
  {
    "model": "admin.logentry",
    "pk": 89,
    "fields": {
      "action_time": "2025-11-25T09:09:28.579Z",
      "user": [
        "11"
      ],
      "content_type": [
        "product",
        "product"
      ],
      "object_id": "26",
      "object_repr": "MT3",
      "action_flag": 1,
      "change_message": "[{\"added\": {}}]"
    }
  },
  {
    "model": "admin.logentry",
    "pk": 90,
    "fields": {
      "action_time": "2025-11-25T09:09:51.926Z",
      "user": [
        "11"
      ],
      "content_type": [
        "product",
        "product"
      ],
      "object_id": "27",
      "object_repr": "MT4",
      "action_flag": 1,
      "change_message": "[{\"added\": {}}]"
    }
  },
  {
    "model": "admin.logentry",
    "pk": 91,
    "fields": {
      "action_time": "2025-11-25T09:38:00.615Z",
      "user": [
        "11"
      ],
      "content_type": [
        "product",
        "category"
      ],
      "object_id": "11",
      "object_repr": "KIDS > T恤",
      "action_flag": 2,
      "change_message": "[{\"changed\": {\"fields\": [\"\\u5927\\u5716\\u6a6b\\u5e45\"]}}]"
    }
  },
  {
    "model": "admin.logentry",
    "pk": 92,
    "fields": {
      "action_time": "2025-11-25T09:39:00.332Z",
      "user": [
        "11"
      ],
      "content_type": [
        "product",
        "product"
      ],
      "object_id": "28",
      "object_repr": "MC1",
      "action_flag": 1,
      "change_message": "[{\"added\": {}}]"
    }
  },
  {
    "model": "admin.logentry",
    "pk": 93,
    "fields": {
      "action_time": "2025-11-25T09:39:34.911Z",
      "user": [
        "11"
      ],
      "content_type": [
        "product",
        "product"
      ],
      "object_id": "29",
      "object_repr": "MC2",
      "action_flag": 1,
      "change_message": "[{\"added\": {}}]"
    }
  },
  {
    "model": "admin.logentry",
    "pk": 94,
    "fields": {
      "action_time": "2025-11-25T09:39:41.620Z",
      "user": [
        "11"
      ],
      "content_type": [
        "product",
        "product"
      ],
      "object_id": "28",
      "object_repr": "MC1",
      "action_flag": 2,
      "change_message": "[{\"changed\": {\"fields\": [\"\\u5eab\\u5b58\\u6578\\u91cf\"]}}]"
    }
  },
  {
    "model": "admin.logentry",
    "pk": 95,
    "fields": {
      "action_time": "2025-11-25T09:40:03.928Z",
      "user": [
        "11"
      ],
      "content_type": [
        "product",
        "product"
      ],
      "object_id": "30",
      "object_repr": "MC3",
      "action_flag": 1,
      "change_message": "[{\"added\": {}}]"
    }
  },
  {
    "model": "admin.logentry",
    "pk": 96,
    "fields": {
      "action_time": "2025-11-25T09:40:31.109Z",
      "user": [
        "11"
      ],
      "content_type": [
        "product",
        "product"
      ],
      "object_id": "31",
      "object_repr": "MC4",
      "action_flag": 1,
      "change_message": "[{\"added\": {}}]"
    }
  },
  {
    "model": "admin.logentry",
    "pk": 97,
    "fields": {
      "action_time": "2025-11-25T09:40:54.997Z",
      "user": [
        "11"
      ],
      "content_type": [
        "product",
        "product"
      ],
      "object_id": "32",
      "object_repr": "MC5",
      "action_flag": 1,
      "change_message": "[{\"added\": {}}]"
    }
  },
  {
    "model": "admin.logentry",
    "pk": 98,
    "fields": {
      "action_time": "2025-11-25T09:41:14.913Z",
      "user": [
        "11"
      ],
      "content_type": [
        "product",
        "product"
      ],
      "object_id": "33",
      "object_repr": "MC6",
      "action_flag": 1,
      "change_message": "[{\"added\": {}}]"
    }
  },
  {
    "model": "admin.logentry",
    "pk": 99,
    "fields": {
      "action_time": "2025-11-25T09:41:37.149Z",
      "user": [
        "11"
      ],
      "content_type": [
        "product",
        "product"
      ],
      "object_id": "34",
      "object_repr": "MC7",
      "action_flag": 1,
      "change_message": "[{\"added\": {}}]"
    }
  },
  {
    "model": "admin.logentry",
    "pk": 100,
    "fields": {
      "action_time": "2025-11-25T09:42:01.187Z",
      "user": [
        "11"
      ],
      "content_type": [
        "product",
        "product"
      ],
      "object_id": "35",
      "object_repr": "MC8",
      "action_flag": 1,
      "change_message": "[{\"added\": {}}]"
    }
  },
  {
    "model": "admin.logentry",
    "pk": 101,
    "fields": {
      "action_time": "2025-11-26T07:51:41.471Z",
      "user": [
        "11"
      ],
      "content_type": [
        "product",
        "category"
      ],
      "object_id": "10",
      "object_repr": "MEN > 下身類",
      "action_flag": 2,
      "change_message": "[{\"changed\": {\"fields\": [\"\\u5927\\u5716\\u6a6b\\u5e45\"]}}]"
    }
  },
  {
    "model": "admin.logentry",
    "pk": 102,
    "fields": {
      "action_time": "2025-11-26T07:52:54.656Z",
      "user": [
        "11"
      ],
      "content_type": [
        "product",
        "product"
      ],
      "object_id": "36",
      "object_repr": "MT5",
      "action_flag": 1,
      "change_message": "[{\"added\": {}}]"
    }
  },
  {
    "model": "admin.logentry",
    "pk": 103,
    "fields": {
      "action_time": "2025-11-26T07:53:19.307Z",
      "user": [
        "11"
      ],
      "content_type": [
        "product",
        "product"
      ],
      "object_id": "37",
      "object_repr": "MT6",
      "action_flag": 1,
      "change_message": "[{\"added\": {}}]"
    }
  },
  {
    "model": "admin.logentry",
    "pk": 104,
    "fields": {
      "action_time": "2025-11-26T07:54:59.811Z",
      "user": [
        "11"
      ],
      "content_type": [
        "product",
        "product"
      ],
      "object_id": "38",
      "object_repr": "MP1",
      "action_flag": 1,
      "change_message": "[{\"added\": {}}]"
    }
  },
  {
    "model": "admin.logentry",
    "pk": 105,
    "fields": {
      "action_time": "2025-11-26T07:55:25.019Z",
      "user": [
        "11"
      ],
      "content_type": [
        "product",
        "product"
      ],
      "object_id": "39",
      "object_repr": "MP2",
      "action_flag": 1,
      "change_message": "[{\"added\": {}}]"
    }
  },
  {
    "model": "admin.logentry",
    "pk": 106,
    "fields": {
      "action_time": "2025-11-26T07:57:37.982Z",
      "user": [
        "11"
      ],
      "content_type": [
        "product",
        "product"
      ],
      "object_id": "40",
      "object_repr": "MP3",
      "action_flag": 1,
      "change_message": "[{\"added\": {}}]"
    }
  },
  {
    "model": "admin.logentry",
    "pk": 107,
    "fields": {
      "action_time": "2025-11-26T07:57:58.833Z",
      "user": [
        "11"
      ],
      "content_type": [
        "product",
        "product"
      ],
      "object_id": "41",
      "object_repr": "MP4",
      "action_flag": 1,
      "change_message": "[{\"added\": {}}]"
    }
  },
  {
    "model": "admin.logentry",
    "pk": 108,
    "fields": {
      "action_time": "2025-11-26T07:59:57.617Z",
      "user": [
        "11"
      ],
      "content_type": [
        "product",
        "product"
      ],
      "object_id": "42",
      "object_repr": "KT1",
      "action_flag": 1,
      "change_message": "[{\"added\": {}}]"
    }
  },
  {
    "model": "admin.logentry",
    "pk": 109,
    "fields": {
      "action_time": "2025-11-26T08:13:38.803Z",
      "user": [
        "11"
      ],
      "content_type": [
        "product",
        "product"
      ],
      "object_id": "43",
      "object_repr": "KT2",
      "action_flag": 1,
      "change_message": "[{\"added\": {}}]"
    }
  },
  {
    "model": "admin.logentry",
    "pk": 110,
    "fields": {
      "action_time": "2026-01-08T08:31:27.648Z",
      "user": [
        "11"
      ],
      "content_type": [
        "product",
        "product"
      ],
      "object_id": "1",
      "object_repr": "彈性半開襟T恤",
      "action_flag": 2,
      "change_message": "[{\"changed\": {\"fields\": [\"\\u552e\\u50f9\"]}}]"
    }
  },
  {
    "model": "admin.logentry",
    "pk": 111,
    "fields": {
      "action_time": "2026-01-08T08:59:52.265Z",
      "user": [
        "11"
      ],
      "content_type": [
        "product",
        "product"
      ],
      "object_id": "2",
      "object_repr": "羅紋圓領T恤",
      "action_flag": 2,
      "change_message": "[{\"changed\": {\"fields\": [\"\\u552e\\u50f9\"]}}]"
    }
  },
  {
    "model": "admin.logentry",
    "pk": 112,
    "fields": {
      "action_time": "2026-01-08T08:59:52.265Z",
      "user": [
        "11"
      ],
      "content_type": [
        "product",
        "product"
      ],
      "object_id": "3",
      "object_repr": "華夫格圓領T恤",
      "action_flag": 2,
      "change_message": "[{\"changed\": {\"fields\": [\"\\u552e\\u50f9\"]}}]"
    }
  },
  {
    "model": "admin.logentry",
    "pk": 113,
    "fields": {
      "action_time": "2026-01-08T08:59:52.266Z",
      "user": [
        "11"
      ],
      "content_type": [
        "product",
        "product"
      ],
      "object_id": "4",
      "object_repr": "個性素T",
      "action_flag": 2,
      "change_message": "[{\"changed\": {\"fields\": [\"\\u552e\\u50f9\"]}}]"
    }
  },
  {
    "model": "admin.logentry",
    "pk": 114,
    "fields": {
      "action_time": "2026-01-08T08:59:52.268Z",
      "user": [
        "11"
      ],
      "content_type": [
        "product",
        "product"
      ],
      "object_id": "5",
      "object_repr": "時尚無袖背心",
      "action_flag": 2,
      "change_message": "[{\"changed\": {\"fields\": [\"\\u552e\\u50f9\"]}}]"
    }
  },
  {
    "model": "admin.logentry",
    "pk": 115,
    "fields": {
      "action_time": "2026-01-08T08:59:52.268Z",
      "user": [
        "11"
      ],
      "content_type": [
        "product",
        "product"
      ],
      "object_id": "6",
      "object_repr": "羅紋亨利領T恤",
      "action_flag": 2,
      "change_message": "[{\"changed\": {\"fields\": [\"\\u552e\\u50f9\"]}}]"
    }
  },
  {
    "model": "admin.logentry",
    "pk": 116,
    "fields": {
      "action_time": "2026-01-08T08:59:52.269Z",
      "user": [
        "11"
      ],
      "content_type": [
        "product",
        "product"
      ],
      "object_id": "7",
      "object_repr": "柔滑棉質T恤",
      "action_flag": 2,
      "change_message": "[{\"changed\": {\"fields\": [\"\\u552e\\u50f9\"]}}]"
    }
  },
  {
    "model": "admin.logentry",
    "pk": 117,
    "fields": {
      "action_time": "2026-01-08T08:59:52.269Z",
      "user": [
        "11"
      ],
      "content_type": [
        "product",
        "product"
      ],
      "object_id": "8",
      "object_repr": "華夫格圓領條紋T",
      "action_flag": 2,
      "change_message": "[{\"changed\": {\"fields\": [\"\\u552e\\u50f9\"]}}]"
    }
  },
  {
    "model": "admin.logentry",
    "pk": 118,
    "fields": {
      "action_time": "2026-01-08T08:59:52.270Z",
      "user": [
        "11"
      ],
      "content_type": [
        "product",
        "product"
      ],
      "object_id": "9",
      "object_repr": "輕暖連帽羽絨外套",
      "action_flag": 2,
      "change_message": "[{\"changed\": {\"fields\": [\"\\u552e\\u50f9\"]}}]"
    }
  },
  {
    "model": "admin.logentry",
    "pk": 119,
    "fields": {
      "action_time": "2026-01-08T08:59:52.270Z",
      "user": [
        "11"
      ],
      "content_type": [
        "product",
        "product"
      ],
      "object_id": "10",
      "object_repr": "涼感防風運動外套",
      "action_flag": 2,
      "change_message": "[{\"changed\": {\"fields\": [\"\\u552e\\u50f9\"]}}]"
    }
  },
  {
    "model": "admin.logentry",
    "pk": 120,
    "fields": {
      "action_time": "2026-01-08T08:59:52.271Z",
      "user": [
        "11"
      ],
      "content_type": [
        "product",
        "product"
      ],
      "object_id": "11",
      "object_repr": "長版西裝大衣",
      "action_flag": 2,
      "change_message": "[{\"changed\": {\"fields\": [\"\\u552e\\u50f9\"]}}]"
    }
  },
  {
    "model": "admin.logentry",
    "pk": 121,
    "fields": {
      "action_time": "2026-01-08T08:59:52.271Z",
      "user": [
        "11"
      ],
      "content_type": [
        "product",
        "product"
      ],
      "object_id": "12",
      "object_repr": "機能防潑水運動外套",
      "action_flag": 2,
      "change_message": "[{\"changed\": {\"fields\": [\"\\u552e\\u50f9\"]}}]"
    }
  },
  {
    "model": "admin.logentry",
    "pk": 122,
    "fields": {
      "action_time": "2026-01-08T08:59:52.272Z",
      "user": [
        "11"
      ],
      "content_type": [
        "product",
        "product"
      ],
      "object_id": "13",
      "object_repr": "無領菱格鋪棉外套",
      "action_flag": 2,
      "change_message": "[{\"changed\": {\"fields\": [\"\\u552e\\u50f9\"]}}]"
    }
  },
  {
    "model": "admin.logentry",
    "pk": 123,
    "fields": {
      "action_time": "2026-01-08T08:59:52.272Z",
      "user": [
        "11"
      ],
      "content_type": [
        "product",
        "product"
      ],
      "object_id": "14",
      "object_repr": "時尚挺版剪裁大衣",
      "action_flag": 2,
      "change_message": "[{\"changed\": {\"fields\": [\"\\u552e\\u50f9\"]}}]"
    }
  },
  {
    "model": "admin.logentry",
    "pk": 124,
    "fields": {
      "action_time": "2026-01-08T08:59:52.273Z",
      "user": [
        "11"
      ],
      "content_type": [
        "product",
        "product"
      ],
      "object_id": "15",
      "object_repr": "極簡柔感針織外套",
      "action_flag": 2,
      "change_message": "[{\"changed\": {\"fields\": [\"\\u552e\\u50f9\"]}}]"
    }
  },
  {
    "model": "admin.logentry",
    "pk": 125,
    "fields": {
      "action_time": "2026-01-08T08:59:52.273Z",
      "user": [
        "11"
      ],
      "content_type": [
        "product",
        "product"
      ],
      "object_id": "16",
      "object_repr": "經典美式丹寧外套",
      "action_flag": 2,
      "change_message": "[{\"changed\": {\"fields\": [\"\\u552e\\u50f9\"]}}]"
    }
  },
  {
    "model": "admin.logentry",
    "pk": 126,
    "fields": {
      "action_time": "2026-01-08T08:59:52.274Z",
      "user": [
        "11"
      ],
      "content_type": [
        "product",
        "product"
      ],
      "object_id": "17",
      "object_repr": "WP1",
      "action_flag": 2,
      "change_message": "[{\"changed\": {\"fields\": [\"\\u552e\\u50f9\"]}}]"
    }
  },
  {
    "model": "admin.logentry",
    "pk": 127,
    "fields": {
      "action_time": "2026-01-08T08:59:52.274Z",
      "user": [
        "11"
      ],
      "content_type": [
        "product",
        "product"
      ],
      "object_id": "18",
      "object_repr": "WP2",
      "action_flag": 2,
      "change_message": "[{\"changed\": {\"fields\": [\"\\u552e\\u50f9\"]}}]"
    }
  },
  {
    "model": "admin.logentry",
    "pk": 128,
    "fields": {
      "action_time": "2026-01-08T08:59:52.275Z",
      "user": [
        "11"
      ],
      "content_type": [
        "product",
        "product"
      ],
      "object_id": "19",
      "object_repr": "WP3",
      "action_flag": 2,
      "change_message": "[{\"changed\": {\"fields\": [\"\\u552e\\u50f9\"]}}]"
    }
  },
  {
    "model": "admin.logentry",
    "pk": 129,
    "fields": {
      "action_time": "2026-01-08T08:59:52.276Z",
      "user": [
        "11"
      ],
      "content_type": [
        "product",
        "product"
      ],
      "object_id": "20",
      "object_repr": "WP4",
      "action_flag": 2,
      "change_message": "[{\"changed\": {\"fields\": [\"\\u552e\\u50f9\"]}}]"
    }
  },
  {
    "model": "admin.logentry",
    "pk": 130,
    "fields": {
      "action_time": "2026-01-08T08:59:52.276Z",
      "user": [
        "11"
      ],
      "content_type": [
        "product",
        "product"
      ],
      "object_id": "21",
      "object_repr": "WP5",
      "action_flag": 2,
      "change_message": "[{\"changed\": {\"fields\": [\"\\u552e\\u50f9\"]}}]"
    }
  },
  {
    "model": "admin.logentry",
    "pk": 131,
    "fields": {
      "action_time": "2026-01-08T08:59:52.277Z",
      "user": [
        "11"
      ],
      "content_type": [
        "product",
        "product"
      ],
      "object_id": "22",
      "object_repr": "WP6",
      "action_flag": 2,
      "change_message": "[{\"changed\": {\"fields\": [\"\\u552e\\u50f9\"]}}]"
    }
  },
  {
    "model": "admin.logentry",
    "pk": 132,
    "fields": {
      "action_time": "2026-01-08T08:59:52.277Z",
      "user": [
        "11"
      ],
      "content_type": [
        "product",
        "product"
      ],
      "object_id": "23",
      "object_repr": "WP7",
      "action_flag": 2,
      "change_message": "[{\"changed\": {\"fields\": [\"\\u552e\\u50f9\"]}}]"
    }
  },
  {
    "model": "admin.logentry",
    "pk": 133,
    "fields": {
      "action_time": "2026-01-08T08:59:52.278Z",
      "user": [
        "11"
      ],
      "content_type": [
        "product",
        "product"
      ],
      "object_id": "24",
      "object_repr": "MT1",
      "action_flag": 2,
      "change_message": "[{\"changed\": {\"fields\": [\"\\u552e\\u50f9\"]}}]"
    }
  },
  {
    "model": "admin.logentry",
    "pk": 134,
    "fields": {
      "action_time": "2026-01-08T08:59:52.278Z",
      "user": [
        "11"
      ],
      "content_type": [
        "product",
        "product"
      ],
      "object_id": "25",
      "object_repr": "MT2",
      "action_flag": 2,
      "change_message": "[{\"changed\": {\"fields\": [\"\\u552e\\u50f9\"]}}]"
    }
  },
  {
    "model": "admin.logentry",
    "pk": 135,
    "fields": {
      "action_time": "2026-01-08T08:59:52.279Z",
      "user": [
        "11"
      ],
      "content_type": [
        "product",
        "product"
      ],
      "object_id": "26",
      "object_repr": "MT3",
      "action_flag": 2,
      "change_message": "[{\"changed\": {\"fields\": [\"\\u552e\\u50f9\"]}}]"
    }
  },
  {
    "model": "admin.logentry",
    "pk": 136,
    "fields": {
      "action_time": "2026-01-08T08:59:52.279Z",
      "user": [
        "11"
      ],
      "content_type": [
        "product",
        "product"
      ],
      "object_id": "27",
      "object_repr": "MT4",
      "action_flag": 2,
      "change_message": "[{\"changed\": {\"fields\": [\"\\u552e\\u50f9\"]}}]"
    }
  },
  {
    "model": "admin.logentry",
    "pk": 137,
    "fields": {
      "action_time": "2026-01-08T08:59:52.280Z",
      "user": [
        "11"
      ],
      "content_type": [
        "product",
        "product"
      ],
      "object_id": "28",
      "object_repr": "MC1",
      "action_flag": 2,
      "change_message": "[{\"changed\": {\"fields\": [\"\\u552e\\u50f9\"]}}]"
    }
  },
  {
    "model": "admin.logentry",
    "pk": 138,
    "fields": {
      "action_time": "2026-01-08T08:59:52.280Z",
      "user": [
        "11"
      ],
      "content_type": [
        "product",
        "product"
      ],
      "object_id": "29",
      "object_repr": "MC2",
      "action_flag": 2,
      "change_message": "[{\"changed\": {\"fields\": [\"\\u552e\\u50f9\"]}}]"
    }
  },
  {
    "model": "admin.logentry",
    "pk": 139,
    "fields": {
      "action_time": "2026-01-08T08:59:52.281Z",
      "user": [
        "11"
      ],
      "content_type": [
        "product",
        "product"
      ],
      "object_id": "30",
      "object_repr": "MC3",
      "action_flag": 2,
      "change_message": "[{\"changed\": {\"fields\": [\"\\u552e\\u50f9\"]}}]"
    }
  },
  {
    "model": "admin.logentry",
    "pk": 140,
    "fields": {
      "action_time": "2026-01-08T08:59:52.282Z",
      "user": [
        "11"
      ],
      "content_type": [
        "product",
        "product"
      ],
      "object_id": "31",
      "object_repr": "MC4",
      "action_flag": 2,
      "change_message": "[{\"changed\": {\"fields\": [\"\\u552e\\u50f9\"]}}]"
    }
  },
  {
    "model": "admin.logentry",
    "pk": 141,
    "fields": {
      "action_time": "2026-01-08T08:59:52.282Z",
      "user": [
        "11"
      ],
      "content_type": [
        "product",
        "product"
      ],
      "object_id": "32",
      "object_repr": "MC5",
      "action_flag": 2,
      "change_message": "[{\"changed\": {\"fields\": [\"\\u552e\\u50f9\"]}}]"
    }
  },
  {
    "model": "admin.logentry",
    "pk": 142,
    "fields": {
      "action_time": "2026-01-08T08:59:52.283Z",
      "user": [
        "11"
      ],
      "content_type": [
        "product",
        "product"
      ],
      "object_id": "33",
      "object_repr": "MC6",
      "action_flag": 2,
      "change_message": "[{\"changed\": {\"fields\": [\"\\u552e\\u50f9\"]}}]"
    }
  },
  {
    "model": "admin.logentry",
    "pk": 143,
    "fields": {
      "action_time": "2026-01-08T08:59:52.283Z",
      "user": [
        "11"
      ],
      "content_type": [
        "product",
        "product"
      ],
      "object_id": "34",
      "object_repr": "MC7",
      "action_flag": 2,
      "change_message": "[{\"changed\": {\"fields\": [\"\\u552e\\u50f9\"]}}]"
    }
  },
  {
    "model": "admin.logentry",
    "pk": 144,
    "fields": {
      "action_time": "2026-01-08T08:59:52.284Z",
      "user": [
        "11"
      ],
      "content_type": [
        "product",
        "product"
      ],
      "object_id": "35",
      "object_repr": "MC8",
      "action_flag": 2,
      "change_message": "[{\"changed\": {\"fields\": [\"\\u552e\\u50f9\"]}}]"
    }
  },
  {
    "model": "admin.logentry",
    "pk": 145,
    "fields": {
      "action_time": "2026-01-08T08:59:52.284Z",
      "user": [
        "11"
      ],
      "content_type": [
        "product",
        "product"
      ],
      "object_id": "36",
      "object_repr": "MT5",
      "action_flag": 2,
      "change_message": "[{\"changed\": {\"fields\": [\"\\u552e\\u50f9\"]}}]"
    }
  },
  {
    "model": "admin.logentry",
    "pk": 146,
    "fields": {
      "action_time": "2026-01-08T08:59:52.285Z",
      "user": [
        "11"
      ],
      "content_type": [
        "product",
        "product"
      ],
      "object_id": "37",
      "object_repr": "MT6",
      "action_flag": 2,
      "change_message": "[{\"changed\": {\"fields\": [\"\\u552e\\u50f9\"]}}]"
    }
  },
  {
    "model": "admin.logentry",
    "pk": 147,
    "fields": {
      "action_time": "2026-01-08T08:59:52.285Z",
      "user": [
        "11"
      ],
      "content_type": [
        "product",
        "product"
      ],
      "object_id": "38",
      "object_repr": "MP1",
      "action_flag": 2,
      "change_message": "[{\"changed\": {\"fields\": [\"\\u552e\\u50f9\"]}}]"
    }
  },
  {
    "model": "admin.logentry",
    "pk": 148,
    "fields": {
      "action_time": "2026-01-08T08:59:52.286Z",
      "user": [
        "11"
      ],
      "content_type": [
        "product",
        "product"
      ],
      "object_id": "39",
      "object_repr": "MP2",
      "action_flag": 2,
      "change_message": "[{\"changed\": {\"fields\": [\"\\u552e\\u50f9\"]}}]"
    }
  },
  {
    "model": "admin.logentry",
    "pk": 149,
    "fields": {
      "action_time": "2026-01-08T08:59:52.286Z",
      "user": [
        "11"
      ],
      "content_type": [
        "product",
        "product"
      ],
      "object_id": "40",
      "object_repr": "MP3",
      "action_flag": 2,
      "change_message": "[{\"changed\": {\"fields\": [\"\\u552e\\u50f9\"]}}]"
    }
  },
  {
    "model": "admin.logentry",
    "pk": 150,
    "fields": {
      "action_time": "2026-01-08T08:59:52.287Z",
      "user": [
        "11"
      ],
      "content_type": [
        "product",
        "product"
      ],
      "object_id": "41",
      "object_repr": "MP4",
      "action_flag": 2,
      "change_message": "[{\"changed\": {\"fields\": [\"\\u552e\\u50f9\"]}}]"
    }
  },
  {
    "model": "admin.logentry",
    "pk": 151,
    "fields": {
      "action_time": "2026-01-08T08:59:52.287Z",
      "user": [
        "11"
      ],
      "content_type": [
        "product",
        "product"
      ],
      "object_id": "42",
      "object_repr": "KT1",
      "action_flag": 2,
      "change_message": "[{\"changed\": {\"fields\": [\"\\u552e\\u50f9\"]}}]"
    }
  },
  {
    "model": "admin.logentry",
    "pk": 152,
    "fields": {
      "action_time": "2026-01-08T08:59:52.288Z",
      "user": [
        "11"
      ],
      "content_type": [
        "product",
        "product"
      ],
      "object_id": "43",
      "object_repr": "KT2",
      "action_flag": 2,
      "change_message": "[{\"changed\": {\"fields\": [\"\\u552e\\u50f9\"]}}]"
    }
  },
  {
    "model": "admin.logentry",
    "pk": 153,
    "fields": {
      "action_time": "2026-01-12T11:50:21.302Z",
      "user": [
        "11"
      ],
      "content_type": [
        "account",
        "address"
      ],
      "object_id": "1",
      "object_repr": "self11 - 高快樂園",
      "action_flag": 1,
      "change_message": "[{\"added\": {}}]"
    }
  },
  {
    "model": "admin.logentry",
    "pk": 154,
    "fields": {
      "action_time": "2026-01-12T11:51:58.996Z",
      "user": [
        "11"
      ],
      "content_type": [
        "account",
        "address"
      ],
      "object_id": "2",
      "object_repr": "馬卡歐 - 高快樂園深處",
      "action_flag": 1,
      "change_message": "[{\"added\": {}}]"
    }
  },
  {
    "model": "admin.logentry",
    "pk": 155,
    "fields": {
      "action_time": "2026-01-12T11:52:28.213Z",
      "user": [
        "11"
      ],
      "content_type": [
        "account",
        "address"
      ],
      "object_id": "3",
      "object_repr": "裘瑪 - 高快樂園深處2",
      "action_flag": 1,
      "change_message": "[{\"added\": {}}]"
    }
  },
  {
    "model": "admin.logentry",
    "pk": 156,
    "fields": {
      "action_time": "2026-02-25T03:48:19.271Z",
      "user": [
        "11"
      ],
      "content_type": [
        "account",
        "address"
      ],
      "object_id": "1",
      "object_repr": "self11  NoneNone",
      "action_flag": 3,
      "change_message": ""
    }
  },
  {
    "model": "admin.logentry",
    "pk": 157,
    "fields": {
      "action_time": "2026-02-25T03:48:24.156Z",
      "user": [
        "11"
      ],
      "content_type": [
        "account",
        "address"
      ],
      "object_id": "7",
      "object_repr": "01  NoneNone",
      "action_flag": 3,
      "change_message": ""
    }
  },
  {
    "model": "admin.logentry",
    "pk": 158,
    "fields": {
      "action_time": "2026-02-25T03:48:27.387Z",
      "user": [
        "11"
      ],
      "content_type": [
        "account",
        "address"
      ],
      "object_id": "6",
      "object_repr": "01  NoneNone",
      "action_flag": 3,
      "change_message": ""
    }
  },
  {
    "model": "admin.logentry",
    "pk": 159,
    "fields": {
      "action_time": "2026-02-25T03:48:30.293Z",
      "user": [
        "11"
      ],
      "content_type": [
        "account",
        "address"
      ],
      "object_id": "5",
      "object_repr": "01  NoneNone",
      "action_flag": 3,
      "change_message": ""
    }
  },
  {
    "model": "admin.logentry",
    "pk": 160,
    "fields": {
      "action_time": "2026-02-25T03:48:33.989Z",
      "user": [
        "11"
      ],
      "content_type": [
        "account",
        "address"
      ],
      "object_id": "4",
      "object_repr": "01  NoneNone",
      "action_flag": 3,
      "change_message": ""
    }
  },
  {
    "model": "admin.logentry",
    "pk": 161,
    "fields": {
      "action_time": "2026-02-25T03:48:36.718Z",
      "user": [
        "11"
      ],
      "content_type": [
        "account",
        "address"
      ],
      "object_id": "3",
      "object_repr": "裘瑪  NoneNone",
      "action_flag": 3,
      "change_message": ""
    }
  },
  {
    "model": "admin.logentry",
    "pk": 162,
    "fields": {
      "action_time": "2026-02-25T03:48:39.656Z",
      "user": [
        "11"
      ],
      "content_type": [
        "account",
        "address"
      ],
      "object_id": "2",
      "object_repr": "馬卡歐  NoneNone",
      "action_flag": 3,
      "change_message": ""
    }
  },
  {
    "model": "admin.logentry",
    "pk": 163,
    "fields": {
      "action_time": "2026-03-03T03:41:24.749Z",
      "user": [
        "11"
      ],
      "content_type": [
        "account",
        "address"
      ],
      "object_id": "8",
      "object_repr": "test1  基隆市仁愛區",
      "action_flag": 3,
      "change_message": ""
    }
  },
  {
    "model": "admin.logentry",
    "pk": 164,
    "fields": {
      "action_time": "2026-03-03T08:12:14.897Z",
      "user": [
        "11"
      ],
      "content_type": [
        "account",
        "address"
      ],
      "object_id": "13",
      "object_repr": "裘瑪  臺中市大里區",
      "action_flag": 3,
      "change_message": ""
    }
  },
  {
    "model": "admin.logentry",
    "pk": 165,
    "fields": {
      "action_time": "2026-03-03T08:12:20.165Z",
      "user": [
        "11"
      ],
      "content_type": [
        "account",
        "address"
      ],
      "object_id": "12",
      "object_repr": "self11  臺南市中西區",
      "action_flag": 3,
      "change_message": ""
    }
  },
  {
    "model": "admin.logentry",
    "pk": 166,
    "fields": {
      "action_time": "2026-03-03T08:12:23.617Z",
      "user": [
        "11"
      ],
      "content_type": [
        "account",
        "address"
      ],
      "object_id": "10",
      "object_repr": "test2  宜蘭縣大同鄉",
      "action_flag": 3,
      "change_message": ""
    }
  },
  {
    "model": "admin.logentry",
    "pk": 167,
    "fields": {
      "action_time": "2026-03-03T08:12:26.915Z",
      "user": [
        "11"
      ],
      "content_type": [
        "account",
        "address"
      ],
      "object_id": "11",
      "object_repr": "test2  宜蘭縣員山鄉",
      "action_flag": 3,
      "change_message": ""
    }
  },
  {
    "model": "admin.logentry",
    "pk": 168,
    "fields": {
      "action_time": "2026-03-03T13:29:47.731Z",
      "user": [
        "11"
      ],
      "content_type": [
        "account",
        "address"
      ],
      "object_id": "18",
      "object_repr": "self11  雲林縣斗南鎮",
      "action_flag": 3,
      "change_message": ""
    }
  },
  {
    "model": "admin.logentry",
    "pk": 169,
    "fields": {
      "action_time": "2026-03-03T13:29:50.493Z",
      "user": [
        "11"
      ],
      "content_type": [
        "account",
        "address"
      ],
      "object_id": "16",
      "object_repr": "self11  臺南市中西區",
      "action_flag": 3,
      "change_message": ""
    }
  },
  {
    "model": "admin.logentry",
    "pk": 170,
    "fields": {
      "action_time": "2026-03-03T13:29:53.440Z",
      "user": [
        "11"
      ],
      "content_type": [
        "account",
        "address"
      ],
      "object_id": "9",
      "object_repr": "test1  臺南市中西區",
      "action_flag": 3,
      "change_message": ""
    }
  },
  {
    "model": "admin.logentry",
    "pk": 171,
    "fields": {
      "action_time": "2026-03-03T13:29:56.846Z",
      "user": [
        "11"
      ],
      "content_type": [
        "account",
        "address"
      ],
      "object_id": "20",
      "object_repr": "test2  新竹縣新豐鄉",
      "action_flag": 3,
      "change_message": ""
    }
  },
  {
    "model": "admin.logentry",
    "pk": 172,
    "fields": {
      "action_time": "2026-03-03T13:29:59.442Z",
      "user": [
        "11"
      ],
      "content_type": [
        "account",
        "address"
      ],
      "object_id": "14",
      "object_repr": "test2  臺南市龍崎區",
      "action_flag": 3,
      "change_message": ""
    }
  },
  {
    "model": "admin.logentry",
    "pk": 173,
    "fields": {
      "action_time": "2026-03-03T13:30:01.999Z",
      "user": [
        "11"
      ],
      "content_type": [
        "account",
        "address"
      ],
      "object_id": "21",
      "object_repr": "test8  新竹縣寶山鄉",
      "action_flag": 3,
      "change_message": ""
    }
  },
  {
    "model": "admin.logentry",
    "pk": 174,
    "fields": {
      "action_time": "2026-03-03T13:30:05.876Z",
      "user": [
        "11"
      ],
      "content_type": [
        "account",
        "address"
      ],
      "object_id": "19",
      "object_repr": "馬卡歐  新北市永和區",
      "action_flag": 3,
      "change_message": ""
    }
  },
  {
    "model": "admin.logentry",
    "pk": 175,
    "fields": {
      "action_time": "2026-03-03T13:31:47.766Z",
      "user": [
        "11"
      ],
      "content_type": [
        "account",
        "address"
      ],
      "object_id": "15",
      "object_repr": "裘瑪  彰化縣田中鎮",
      "action_flag": 3,
      "change_message": ""
    }
  },
  {
    "model": "admin.logentry",
    "pk": 176,
    "fields": {
      "action_time": "2026-03-03T13:31:50.265Z",
      "user": [
        "11"
      ],
      "content_type": [
        "account",
        "address"
      ],
      "object_id": "17",
      "object_repr": "馬卡歐  新竹市香山區",
      "action_flag": 3,
      "change_message": ""
    }
  },
  {
    "model": "admin.logentry",
    "pk": 177,
    "fields": {
      "action_time": "2026-03-04T04:09:42.559Z",
      "user": [
        "11"
      ],
      "content_type": [
        "account",
        "address"
      ],
      "object_id": "22",
      "object_repr": "裘瑪  苗栗縣公館鄉",
      "action_flag": 3,
      "change_message": ""
    }
  },
  {
    "model": "admin.logentry",
    "pk": 178,
    "fields": {
      "action_time": "2026-03-04T04:18:40.265Z",
      "user": [
        "11"
      ],
      "content_type": [
        "account",
        "address"
      ],
      "object_id": "23",
      "object_repr": "test1  桃園市龍潭區",
      "action_flag": 3,
      "change_message": ""
    }
  },
  {
    "model": "admin.logentry",
    "pk": 179,
    "fields": {
      "action_time": "2026-03-04T04:18:42.708Z",
      "user": [
        "11"
      ],
      "content_type": [
        "account",
        "address"
      ],
      "object_id": "24",
      "object_repr": "馬卡歐  嘉義縣番路鄉",
      "action_flag": 3,
      "change_message": ""
    }
  },
  {
    "model": "admin.logentry",
    "pk": 180,
    "fields": {
      "action_time": "2026-03-04T04:22:13.165Z",
      "user": [
        "11"
      ],
      "content_type": [
        "account",
        "address"
      ],
      "object_id": "25",
      "object_repr": "馬卡歐  嘉義縣溪口鄉",
      "action_flag": 3,
      "change_message": ""
    }
  },
  {
    "model": "admin.logentry",
    "pk": 181,
    "fields": {
      "action_time": "2026-03-04T05:39:00.775Z",
      "user": [
        "11"
      ],
      "content_type": [
        "account",
        "address"
      ],
      "object_id": "26",
      "object_repr": "test1  南投縣國姓鄉",
      "action_flag": 3,
      "change_message": ""
    }
  },
  {
    "model": "admin.logentry",
    "pk": 182,
    "fields": {
      "action_time": "2026-03-04T05:47:23.568Z",
      "user": [
        "11"
      ],
      "content_type": [
        "account",
        "address"
      ],
      "object_id": "27",
      "object_repr": "test1  嘉義縣義竹鄉",
      "action_flag": 3,
      "change_message": ""
    }
  },
  {
    "model": "admin.logentry",
    "pk": 183,
    "fields": {
      "action_time": "2026-03-04T06:05:47.628Z",
      "user": [
        "11"
      ],
      "content_type": [
        "account",
        "address"
      ],
      "object_id": "28",
      "object_repr": "test1  高雄市茂林區",
      "action_flag": 3,
      "change_message": ""
    }
  },
  {
    "model": "admin.logentry",
    "pk": 184,
    "fields": {
      "action_time": "2026-03-04T08:13:00.720Z",
      "user": [
        "11"
      ],
      "content_type": [
        "account",
        "address"
      ],
      "object_id": "30",
      "object_repr": "fdsd  高雄市仁武區",
      "action_flag": 3,
      "change_message": ""
    }
  },
  {
    "model": "admin.logentry",
    "pk": 185,
    "fields": {
      "action_time": "2026-03-04T08:13:02.944Z",
      "user": [
        "11"
      ],
      "content_type": [
        "account",
        "address"
      ],
      "object_id": "29",
      "object_repr": "test33  新竹縣關西鎮",
      "action_flag": 3,
      "change_message": ""
    }
  },
  {
    "model": "admin.logentry",
    "pk": 186,
    "fields": {
      "action_time": "2026-04-08T01:36:01.806Z",
      "user": [
        "11"
      ],
      "content_type": [
        "product",
        "product"
      ],
      "object_id": "1",
      "object_repr": "彈性半開襟T恤",
      "action_flag": 2,
      "change_message": "[]"
    }
  },
  {
    "model": "admin.logentry",
    "pk": 187,
    "fields": {
      "action_time": "2026-04-08T01:39:22.052Z",
      "user": [
        "11"
      ],
      "content_type": [
        "product",
        "product"
      ],
      "object_id": "1",
      "object_repr": "彈性半開襟T恤",
      "action_flag": 2,
      "change_message": "[]"
    }
  },
  {
    "model": "admin.logentry",
    "pk": 188,
    "fields": {
      "action_time": "2026-04-08T01:49:42.380Z",
      "user": [
        "11"
      ],
      "content_type": [
        "product",
        "product"
      ],
      "object_id": "1",
      "object_repr": "彈性半開襟T恤",
      "action_flag": 2,
      "change_message": "[]"
    }
  },
  {
    "model": "admin.logentry",
    "pk": 189,
    "fields": {
      "action_time": "2026-04-08T01:56:02.037Z",
      "user": [
        "11"
      ],
      "content_type": [
        "product",
        "product"
      ],
      "object_id": "1",
      "object_repr": "彈性半開襟T恤",
      "action_flag": 2,
      "change_message": "[{\"changed\": {\"fields\": [\"\\u5546\\u54c1\\u5716\\u7247\"]}}]"
    }
  },
  {
    "model": "admin.logentry",
    "pk": 190,
    "fields": {
      "action_time": "2026-04-08T01:56:27.628Z",
      "user": [
        "11"
      ],
      "content_type": [
        "product",
        "product"
      ],
      "object_id": "1",
      "object_repr": "彈性半開襟T恤",
      "action_flag": 2,
      "change_message": "[{\"changed\": {\"fields\": [\"\\u5546\\u54c1\\u5716\\u7247\"]}}]"
    }
  },
  {
    "model": "admin.logentry",
    "pk": 191,
    "fields": {
      "action_time": "2026-04-08T01:59:36.910Z",
      "user": [
        "11"
      ],
      "content_type": [
        "product",
        "product"
      ],
      "object_id": "1",
      "object_repr": "彈性半開襟T恤",
      "action_flag": 2,
      "change_message": "[{\"changed\": {\"fields\": [\"\\u5546\\u54c1\\u5716\\u7247\"]}}]"
    }
  },
  {
    "model": "admin.logentry",
    "pk": 192,
    "fields": {
      "action_time": "2026-04-08T02:01:05.768Z",
      "user": [
        "11"
      ],
      "content_type": [
        "product",
        "product"
      ],
      "object_id": "1",
      "object_repr": "彈性半開襟T恤",
      "action_flag": 2,
      "change_message": "[{\"changed\": {\"fields\": [\"\\u5546\\u54c1\\u5716\\u7247\"]}}]"
    }
  },
  {
    "model": "admin.logentry",
    "pk": 193,
    "fields": {
      "action_time": "2026-04-08T02:01:25.240Z",
      "user": [
        "11"
      ],
      "content_type": [
        "product",
        "product"
      ],
      "object_id": "1",
      "object_repr": "彈性半開襟T恤",
      "action_flag": 2,
      "change_message": "[]"
    }
  },
  {
    "model": "admin.logentry",
    "pk": 194,
    "fields": {
      "action_time": "2026-04-08T02:08:30.295Z",
      "user": [
        "11"
      ],
      "content_type": [
        "product",
        "product"
      ],
      "object_id": "1",
      "object_repr": "彈性半開襟T恤",
      "action_flag": 2,
      "change_message": "[{\"changed\": {\"fields\": [\"\\u5546\\u54c1\\u5716\\u7247\"]}}]"
    }
  },
  {
    "model": "admin.logentry",
    "pk": 195,
    "fields": {
      "action_time": "2026-04-08T02:08:52.585Z",
      "user": [
        "11"
      ],
      "content_type": [
        "product",
        "product"
      ],
      "object_id": "1",
      "object_repr": "彈性半開襟T恤",
      "action_flag": 2,
      "change_message": "[]"
    }
  },
  {
    "model": "admin.logentry",
    "pk": 196,
    "fields": {
      "action_time": "2026-04-08T02:09:00.479Z",
      "user": [
        "11"
      ],
      "content_type": [
        "product",
        "product"
      ],
      "object_id": "1",
      "object_repr": "彈性半開襟T恤",
      "action_flag": 2,
      "change_message": "[{\"changed\": {\"fields\": [\"\\u5546\\u54c1\\u5716\\u7247\"]}}]"
    }
  },
  {
    "model": "admin.logentry",
    "pk": 197,
    "fields": {
      "action_time": "2026-04-08T02:09:15.668Z",
      "user": [
        "11"
      ],
      "content_type": [
        "product",
        "product"
      ],
      "object_id": "1",
      "object_repr": "彈性半開襟T恤",
      "action_flag": 2,
      "change_message": "[]"
    }
  },
  {
    "model": "admin.logentry",
    "pk": 198,
    "fields": {
      "action_time": "2026-04-08T04:52:45.392Z",
      "user": [
        "11"
      ],
      "content_type": [
        "product",
        "product"
      ],
      "object_id": "2",
      "object_repr": "羅紋圓領T恤",
      "action_flag": 2,
      "change_message": "[]"
    }
  },
  {
    "model": "admin.logentry",
    "pk": 199,
    "fields": {
      "action_time": "2026-04-08T04:53:42.198Z",
      "user": [
        "11"
      ],
      "content_type": [
        "product",
        "product"
      ],
      "object_id": "2",
      "object_repr": "羅紋圓領T恤",
      "action_flag": 2,
      "change_message": "[{\"changed\": {\"fields\": [\"\\u5546\\u54c1\\u5716\\u7247\"]}}]"
    }
  },
  {
    "model": "admin.logentry",
    "pk": 200,
    "fields": {
      "action_time": "2026-04-08T04:54:10.413Z",
      "user": [
        "11"
      ],
      "content_type": [
        "product",
        "product"
      ],
      "object_id": "2",
      "object_repr": "羅紋圓領T恤",
      "action_flag": 2,
      "change_message": "[{\"changed\": {\"fields\": [\"\\u5546\\u54c1\\u5716\\u7247\"]}}]"
    }
  },
  {
    "model": "admin.logentry",
    "pk": 201,
    "fields": {
      "action_time": "2026-04-08T05:07:58.837Z",
      "user": [
        "11"
      ],
      "content_type": [
        "product",
        "product"
      ],
      "object_id": "2",
      "object_repr": "羅紋圓領T恤",
      "action_flag": 2,
      "change_message": "[]"
    }
  },
  {
    "model": "admin.logentry",
    "pk": 202,
    "fields": {
      "action_time": "2026-04-08T05:08:29.741Z",
      "user": [
        "11"
      ],
      "content_type": [
        "product",
        "product"
      ],
      "object_id": "2",
      "object_repr": "羅紋圓領T恤",
      "action_flag": 2,
      "change_message": "[{\"changed\": {\"fields\": [\"\\u5546\\u54c1\\u5716\\u7247\"]}}]"
    }
  },
  {
    "model": "admin.logentry",
    "pk": 203,
    "fields": {
      "action_time": "2026-04-08T05:08:47.722Z",
      "user": [
        "11"
      ],
      "content_type": [
        "product",
        "product"
      ],
      "object_id": "2",
      "object_repr": "羅紋圓領T恤",
      "action_flag": 2,
      "change_message": "[{\"changed\": {\"fields\": [\"\\u5546\\u54c1\\u5716\\u7247\"]}}]"
    }
  },
  {
    "model": "admin.logentry",
    "pk": 204,
    "fields": {
      "action_time": "2026-04-08T05:11:50.618Z",
      "user": [
        "11"
      ],
      "content_type": [
        "product",
        "product"
      ],
      "object_id": "2",
      "object_repr": "羅紋圓領T恤",
      "action_flag": 2,
      "change_message": "[]"
    }
  },
  {
    "model": "admin.logentry",
    "pk": 205,
    "fields": {
      "action_time": "2026-04-08T05:12:27.381Z",
      "user": [
        "11"
      ],
      "content_type": [
        "product",
        "product"
      ],
      "object_id": "2",
      "object_repr": "羅紋圓領T恤",
      "action_flag": 2,
      "change_message": "[{\"changed\": {\"fields\": [\"\\u5546\\u54c1\\u5716\\u7247\"]}}]"
    }
  },
  {
    "model": "admin.logentry",
    "pk": 206,
    "fields": {
      "action_time": "2026-04-08T05:12:43.460Z",
      "user": [
        "11"
      ],
      "content_type": [
        "product",
        "product"
      ],
      "object_id": "2",
      "object_repr": "羅紋圓領T恤",
      "action_flag": 2,
      "change_message": "[{\"changed\": {\"fields\": [\"\\u5546\\u54c1\\u5716\\u7247\"]}}]"
    }
  },
  {
    "model": "admin.logentry",
    "pk": 207,
    "fields": {
      "action_time": "2026-04-08T05:13:08.976Z",
      "user": [
        "11"
      ],
      "content_type": [
        "product",
        "product"
      ],
      "object_id": "2",
      "object_repr": "羅紋圓領T恤",
      "action_flag": 2,
      "change_message": "[{\"changed\": {\"fields\": [\"\\u5546\\u54c1\\u5716\\u7247\"]}}]"
    }
  },
  {
    "model": "admin.logentry",
    "pk": 208,
    "fields": {
      "action_time": "2026-04-08T05:13:15.441Z",
      "user": [
        "11"
      ],
      "content_type": [
        "product",
        "product"
      ],
      "object_id": "2",
      "object_repr": "羅紋圓領T恤",
      "action_flag": 2,
      "change_message": "[{\"changed\": {\"fields\": [\"\\u5546\\u54c1\\u5716\\u7247\"]}}]"
    }
  },
  {
    "model": "admin.logentry",
    "pk": 209,
    "fields": {
      "action_time": "2026-04-08T05:14:05.205Z",
      "user": [
        "11"
      ],
      "content_type": [
        "product",
        "product"
      ],
      "object_id": "2",
      "object_repr": "羅紋圓領T恤",
      "action_flag": 2,
      "change_message": "[{\"changed\": {\"fields\": [\"\\u5546\\u54c1\\u5716\\u7247\"]}}]"
    }
  },
  {
    "model": "admin.logentry",
    "pk": 210,
    "fields": {
      "action_time": "2026-04-08T05:14:45.620Z",
      "user": [
        "11"
      ],
      "content_type": [
        "product",
        "product"
      ],
      "object_id": "3",
      "object_repr": "華夫格圓領T恤",
      "action_flag": 2,
      "change_message": "[]"
    }
  },
  {
    "model": "admin.logentry",
    "pk": 211,
    "fields": {
      "action_time": "2026-04-08T05:15:21.111Z",
      "user": [
        "11"
      ],
      "content_type": [
        "product",
        "product"
      ],
      "object_id": "3",
      "object_repr": "華夫格圓領T恤",
      "action_flag": 2,
      "change_message": "[{\"changed\": {\"fields\": [\"\\u5546\\u54c1\\u5716\\u7247\"]}}]"
    }
  },
  {
    "model": "admin.logentry",
    "pk": 212,
    "fields": {
      "action_time": "2026-04-08T05:16:17.209Z",
      "user": [
        "11"
      ],
      "content_type": [
        "product",
        "product"
      ],
      "object_id": "3",
      "object_repr": "華夫格圓領T恤",
      "action_flag": 2,
      "change_message": "[{\"changed\": {\"fields\": [\"\\u5546\\u54c1\\u5716\\u7247\"]}}]"
    }
  },
  {
    "model": "admin.logentry",
    "pk": 213,
    "fields": {
      "action_time": "2026-04-08T05:29:27.470Z",
      "user": [
        "11"
      ],
      "content_type": [
        "product",
        "product"
      ],
      "object_id": "1",
      "object_repr": "彈性半開襟T恤",
      "action_flag": 2,
      "change_message": "[{\"changed\": {\"fields\": [\"\\u5546\\u54c1\\u5716\\u7247\"]}}]"
    }
  },
  {
    "model": "admin.logentry",
    "pk": 214,
    "fields": {
      "action_time": "2026-04-08T05:29:38.389Z",
      "user": [
        "11"
      ],
      "content_type": [
        "product",
        "product"
      ],
      "object_id": "1",
      "object_repr": "彈性半開襟T恤",
      "action_flag": 2,
      "change_message": "[{\"changed\": {\"fields\": [\"\\u5546\\u54c1\\u5716\\u7247\"]}}]"
    }
  },
  {
    "model": "admin.logentry",
    "pk": 215,
    "fields": {
      "action_time": "2026-04-08T05:29:42.230Z",
      "user": [
        "11"
      ],
      "content_type": [
        "product",
        "product"
      ],
      "object_id": "2",
      "object_repr": "羅紋圓領T恤",
      "action_flag": 2,
      "change_message": "[{\"changed\": {\"fields\": [\"\\u5546\\u54c1\\u5716\\u7247\"]}}]"
    }
  },
  {
    "model": "admin.logentry",
    "pk": 216,
    "fields": {
      "action_time": "2026-04-08T05:29:49.087Z",
      "user": [
        "11"
      ],
      "content_type": [
        "product",
        "product"
      ],
      "object_id": "2",
      "object_repr": "羅紋圓領T恤",
      "action_flag": 2,
      "change_message": "[{\"changed\": {\"fields\": [\"\\u5546\\u54c1\\u5716\\u7247\"]}}]"
    }
  },
  {
    "model": "admin.logentry",
    "pk": 217,
    "fields": {
      "action_time": "2026-04-08T05:29:55.378Z",
      "user": [
        "11"
      ],
      "content_type": [
        "product",
        "product"
      ],
      "object_id": "3",
      "object_repr": "華夫格圓領T恤",
      "action_flag": 2,
      "change_message": "[{\"changed\": {\"fields\": [\"\\u5546\\u54c1\\u5716\\u7247\"]}}]"
    }
  },
  {
    "model": "admin.logentry",
    "pk": 218,
    "fields": {
      "action_time": "2026-04-08T05:30:00.821Z",
      "user": [
        "11"
      ],
      "content_type": [
        "product",
        "product"
      ],
      "object_id": "3",
      "object_repr": "華夫格圓領T恤",
      "action_flag": 2,
      "change_message": "[{\"changed\": {\"fields\": [\"\\u5546\\u54c1\\u5716\\u7247\"]}}]"
    }
  },
  {
    "model": "admin.logentry",
    "pk": 219,
    "fields": {
      "action_time": "2026-04-08T07:41:12.912Z",
      "user": [
        "11"
      ],
      "content_type": [
        "product",
        "product"
      ],
      "object_id": "43",
      "object_repr": "KT2",
      "action_flag": 2,
      "change_message": "[{\"changed\": {\"fields\": [\"\\u5546\\u54c1\\u5716\\u7247\"]}}]"
    }
  },
  {
    "model": "admin.logentry",
    "pk": 220,
    "fields": {
      "action_time": "2026-04-08T07:41:27.115Z",
      "user": [
        "11"
      ],
      "content_type": [
        "product",
        "product"
      ],
      "object_id": "43",
      "object_repr": "KT2",
      "action_flag": 2,
      "change_message": "[{\"changed\": {\"fields\": [\"\\u5546\\u54c1\\u5716\\u7247\"]}}]"
    }
  },
  {
    "model": "admin.logentry",
    "pk": 221,
    "fields": {
      "action_time": "2026-04-08T08:33:12.267Z",
      "user": [
        "11"
      ],
      "content_type": [
        "product",
        "product"
      ],
      "object_id": "1",
      "object_repr": "彈性半開襟T恤",
      "action_flag": 2,
      "change_message": "[{\"changed\": {\"fields\": [\"\\u5546\\u54c1\\u5716\\u7247\"]}}]"
    }
  },
  {
    "model": "admin.logentry",
    "pk": 222,
    "fields": {
      "action_time": "2026-04-08T08:34:02.874Z",
      "user": [
        "11"
      ],
      "content_type": [
        "product",
        "product"
      ],
      "object_id": "1",
      "object_repr": "彈性半開襟T恤",
      "action_flag": 2,
      "change_message": "[{\"changed\": {\"fields\": [\"\\u5546\\u54c1\\u5716\\u7247\"]}}]"
    }
  },
  {
    "model": "admin.logentry",
    "pk": 223,
    "fields": {
      "action_time": "2026-04-08T08:34:08.609Z",
      "user": [
        "11"
      ],
      "content_type": [
        "product",
        "product"
      ],
      "object_id": "2",
      "object_repr": "羅紋圓領T恤",
      "action_flag": 2,
      "change_message": "[{\"changed\": {\"fields\": [\"\\u5546\\u54c1\\u5716\\u7247\"]}}]"
    }
  },
  {
    "model": "admin.logentry",
    "pk": 224,
    "fields": {
      "action_time": "2026-04-08T08:34:13.528Z",
      "user": [
        "11"
      ],
      "content_type": [
        "product",
        "product"
      ],
      "object_id": "2",
      "object_repr": "羅紋圓領T恤",
      "action_flag": 2,
      "change_message": "[{\"changed\": {\"fields\": [\"\\u5546\\u54c1\\u5716\\u7247\"]}}]"
    }
  },
  {
    "model": "admin.logentry",
    "pk": 225,
    "fields": {
      "action_time": "2026-04-08T08:34:17.873Z",
      "user": [
        "11"
      ],
      "content_type": [
        "product",
        "product"
      ],
      "object_id": "3",
      "object_repr": "華夫格圓領T恤",
      "action_flag": 2,
      "change_message": "[{\"changed\": {\"fields\": [\"\\u5546\\u54c1\\u5716\\u7247\"]}}]"
    }
  },
  {
    "model": "admin.logentry",
    "pk": 226,
    "fields": {
      "action_time": "2026-04-08T08:34:22.976Z",
      "user": [
        "11"
      ],
      "content_type": [
        "product",
        "product"
      ],
      "object_id": "3",
      "object_repr": "華夫格圓領T恤",
      "action_flag": 2,
      "change_message": "[{\"changed\": {\"fields\": [\"\\u5546\\u54c1\\u5716\\u7247\"]}}]"
    }
  },
  {
    "model": "admin.logentry",
    "pk": 227,
    "fields": {
      "action_time": "2026-04-08T08:34:27.359Z",
      "user": [
        "11"
      ],
      "content_type": [
        "product",
        "product"
      ],
      "object_id": "4",
      "object_repr": "個性素T",
      "action_flag": 2,
      "change_message": "[{\"changed\": {\"fields\": [\"\\u5546\\u54c1\\u5716\\u7247\"]}}]"
    }
  },
  {
    "model": "admin.logentry",
    "pk": 228,
    "fields": {
      "action_time": "2026-04-08T08:34:32.695Z",
      "user": [
        "11"
      ],
      "content_type": [
        "product",
        "product"
      ],
      "object_id": "4",
      "object_repr": "個性素T",
      "action_flag": 2,
      "change_message": "[{\"changed\": {\"fields\": [\"\\u5546\\u54c1\\u5716\\u7247\"]}}]"
    }
  },
  {
    "model": "admin.logentry",
    "pk": 229,
    "fields": {
      "action_time": "2026-04-08T08:34:37.241Z",
      "user": [
        "11"
      ],
      "content_type": [
        "product",
        "product"
      ],
      "object_id": "5",
      "object_repr": "時尚無袖背心",
      "action_flag": 2,
      "change_message": "[{\"changed\": {\"fields\": [\"\\u5546\\u54c1\\u5716\\u7247\"]}}]"
    }
  },
  {
    "model": "admin.logentry",
    "pk": 230,
    "fields": {
      "action_time": "2026-04-08T08:34:42.672Z",
      "user": [
        "11"
      ],
      "content_type": [
        "product",
        "product"
      ],
      "object_id": "5",
      "object_repr": "時尚無袖背心",
      "action_flag": 2,
      "change_message": "[{\"changed\": {\"fields\": [\"\\u5546\\u54c1\\u5716\\u7247\"]}}]"
    }
  },
  {
    "model": "admin.logentry",
    "pk": 231,
    "fields": {
      "action_time": "2026-04-08T08:34:48.904Z",
      "user": [
        "11"
      ],
      "content_type": [
        "product",
        "product"
      ],
      "object_id": "6",
      "object_repr": "羅紋亨利領T恤",
      "action_flag": 2,
      "change_message": "[{\"changed\": {\"fields\": [\"\\u5546\\u54c1\\u5716\\u7247\"]}}]"
    }
  },
  {
    "model": "admin.logentry",
    "pk": 232,
    "fields": {
      "action_time": "2026-04-08T08:34:53.966Z",
      "user": [
        "11"
      ],
      "content_type": [
        "product",
        "product"
      ],
      "object_id": "6",
      "object_repr": "羅紋亨利領T恤",
      "action_flag": 2,
      "change_message": "[{\"changed\": {\"fields\": [\"\\u5546\\u54c1\\u5716\\u7247\"]}}]"
    }
  },
  {
    "model": "admin.logentry",
    "pk": 233,
    "fields": {
      "action_time": "2026-04-08T08:35:03.051Z",
      "user": [
        "11"
      ],
      "content_type": [
        "product",
        "product"
      ],
      "object_id": "7",
      "object_repr": "柔滑棉質T恤",
      "action_flag": 2,
      "change_message": "[{\"changed\": {\"fields\": [\"\\u5546\\u54c1\\u5716\\u7247\"]}}]"
    }
  },
  {
    "model": "admin.logentry",
    "pk": 234,
    "fields": {
      "action_time": "2026-04-08T08:35:08.116Z",
      "user": [
        "11"
      ],
      "content_type": [
        "product",
        "product"
      ],
      "object_id": "7",
      "object_repr": "柔滑棉質T恤",
      "action_flag": 2,
      "change_message": "[{\"changed\": {\"fields\": [\"\\u5546\\u54c1\\u5716\\u7247\"]}}]"
    }
  },
  {
    "model": "admin.logentry",
    "pk": 235,
    "fields": {
      "action_time": "2026-04-08T08:35:24.749Z",
      "user": [
        "11"
      ],
      "content_type": [
        "product",
        "product"
      ],
      "object_id": "8",
      "object_repr": "華夫格圓領條紋T",
      "action_flag": 2,
      "change_message": "[{\"changed\": {\"fields\": [\"\\u5546\\u54c1\\u5716\\u7247\"]}}]"
    }
  },
  {
    "model": "admin.logentry",
    "pk": 236,
    "fields": {
      "action_time": "2026-04-08T08:35:30.749Z",
      "user": [
        "11"
      ],
      "content_type": [
        "product",
        "product"
      ],
      "object_id": "8",
      "object_repr": "華夫格圓領條紋T",
      "action_flag": 2,
      "change_message": "[{\"changed\": {\"fields\": [\"\\u5546\\u54c1\\u5716\\u7247\"]}}]"
    }
  },
  {
    "model": "admin.logentry",
    "pk": 237,
    "fields": {
      "action_time": "2026-04-08T08:35:46.328Z",
      "user": [
        "11"
      ],
      "content_type": [
        "product",
        "product"
      ],
      "object_id": "9",
      "object_repr": "輕暖連帽羽絨外套",
      "action_flag": 2,
      "change_message": "[{\"changed\": {\"fields\": [\"\\u5546\\u54c1\\u5716\\u7247\"]}}]"
    }
  },
  {
    "model": "admin.logentry",
    "pk": 238,
    "fields": {
      "action_time": "2026-04-08T08:35:57.411Z",
      "user": [
        "11"
      ],
      "content_type": [
        "product",
        "product"
      ],
      "object_id": "9",
      "object_repr": "輕暖連帽羽絨外套",
      "action_flag": 2,
      "change_message": "[{\"changed\": {\"fields\": [\"\\u5546\\u54c1\\u5716\\u7247\"]}}]"
    }
  },
  {
    "model": "admin.logentry",
    "pk": 239,
    "fields": {
      "action_time": "2026-04-08T08:36:11.444Z",
      "user": [
        "11"
      ],
      "content_type": [
        "product",
        "product"
      ],
      "object_id": "10",
      "object_repr": "涼感防風運動外套",
      "action_flag": 2,
      "change_message": "[{\"changed\": {\"fields\": [\"\\u5546\\u54c1\\u5716\\u7247\"]}}]"
    }
  },
  {
    "model": "admin.logentry",
    "pk": 240,
    "fields": {
      "action_time": "2026-04-08T08:36:17.285Z",
      "user": [
        "11"
      ],
      "content_type": [
        "product",
        "product"
      ],
      "object_id": "10",
      "object_repr": "涼感防風運動外套",
      "action_flag": 2,
      "change_message": "[{\"changed\": {\"fields\": [\"\\u5546\\u54c1\\u5716\\u7247\"]}}]"
    }
  },
  {
    "model": "admin.logentry",
    "pk": 241,
    "fields": {
      "action_time": "2026-04-08T08:36:22.408Z",
      "user": [
        "11"
      ],
      "content_type": [
        "product",
        "product"
      ],
      "object_id": "11",
      "object_repr": "長版西裝大衣",
      "action_flag": 2,
      "change_message": "[{\"changed\": {\"fields\": [\"\\u5546\\u54c1\\u5716\\u7247\"]}}]"
    }
  },
  {
    "model": "admin.logentry",
    "pk": 242,
    "fields": {
      "action_time": "2026-04-08T08:36:27.275Z",
      "user": [
        "11"
      ],
      "content_type": [
        "product",
        "product"
      ],
      "object_id": "11",
      "object_repr": "長版西裝大衣",
      "action_flag": 2,
      "change_message": "[{\"changed\": {\"fields\": [\"\\u5546\\u54c1\\u5716\\u7247\"]}}]"
    }
  },
  {
    "model": "admin.logentry",
    "pk": 243,
    "fields": {
      "action_time": "2026-04-08T08:36:32.892Z",
      "user": [
        "11"
      ],
      "content_type": [
        "product",
        "product"
      ],
      "object_id": "12",
      "object_repr": "機能防潑水運動外套",
      "action_flag": 2,
      "change_message": "[{\"changed\": {\"fields\": [\"\\u5546\\u54c1\\u5716\\u7247\"]}}]"
    }
  },
  {
    "model": "admin.logentry",
    "pk": 244,
    "fields": {
      "action_time": "2026-04-08T08:36:37.764Z",
      "user": [
        "11"
      ],
      "content_type": [
        "product",
        "product"
      ],
      "object_id": "12",
      "object_repr": "機能防潑水運動外套",
      "action_flag": 2,
      "change_message": "[{\"changed\": {\"fields\": [\"\\u5546\\u54c1\\u5716\\u7247\"]}}]"
    }
  },
  {
    "model": "admin.logentry",
    "pk": 245,
    "fields": {
      "action_time": "2026-04-08T08:36:44.135Z",
      "user": [
        "11"
      ],
      "content_type": [
        "product",
        "product"
      ],
      "object_id": "13",
      "object_repr": "無領菱格鋪棉外套",
      "action_flag": 2,
      "change_message": "[{\"changed\": {\"fields\": [\"\\u5546\\u54c1\\u5716\\u7247\"]}}]"
    }
  },
  {
    "model": "admin.logentry",
    "pk": 246,
    "fields": {
      "action_time": "2026-04-08T08:36:50.558Z",
      "user": [
        "11"
      ],
      "content_type": [
        "product",
        "product"
      ],
      "object_id": "13",
      "object_repr": "無領菱格鋪棉外套",
      "action_flag": 2,
      "change_message": "[{\"changed\": {\"fields\": [\"\\u5546\\u54c1\\u5716\\u7247\"]}}]"
    }
  },
  {
    "model": "admin.logentry",
    "pk": 247,
    "fields": {
      "action_time": "2026-04-08T08:36:56.882Z",
      "user": [
        "11"
      ],
      "content_type": [
        "product",
        "product"
      ],
      "object_id": "14",
      "object_repr": "時尚挺版剪裁大衣",
      "action_flag": 2,
      "change_message": "[{\"changed\": {\"fields\": [\"\\u5546\\u54c1\\u5716\\u7247\"]}}]"
    }
  },
  {
    "model": "admin.logentry",
    "pk": 248,
    "fields": {
      "action_time": "2026-04-08T08:37:02.122Z",
      "user": [
        "11"
      ],
      "content_type": [
        "product",
        "product"
      ],
      "object_id": "14",
      "object_repr": "時尚挺版剪裁大衣",
      "action_flag": 2,
      "change_message": "[{\"changed\": {\"fields\": [\"\\u5546\\u54c1\\u5716\\u7247\"]}}]"
    }
  },
  {
    "model": "admin.logentry",
    "pk": 249,
    "fields": {
      "action_time": "2026-04-08T08:37:07.685Z",
      "user": [
        "11"
      ],
      "content_type": [
        "product",
        "product"
      ],
      "object_id": "15",
      "object_repr": "極簡柔感針織外套",
      "action_flag": 2,
      "change_message": "[{\"changed\": {\"fields\": [\"\\u5546\\u54c1\\u5716\\u7247\"]}}]"
    }
  },
  {
    "model": "admin.logentry",
    "pk": 250,
    "fields": {
      "action_time": "2026-04-08T08:37:12.202Z",
      "user": [
        "11"
      ],
      "content_type": [
        "product",
        "product"
      ],
      "object_id": "15",
      "object_repr": "極簡柔感針織外套",
      "action_flag": 2,
      "change_message": "[{\"changed\": {\"fields\": [\"\\u5546\\u54c1\\u5716\\u7247\"]}}]"
    }
  },
  {
    "model": "admin.logentry",
    "pk": 251,
    "fields": {
      "action_time": "2026-04-08T08:37:30.159Z",
      "user": [
        "11"
      ],
      "content_type": [
        "product",
        "product"
      ],
      "object_id": "16",
      "object_repr": "經典美式丹寧外套",
      "action_flag": 2,
      "change_message": "[{\"changed\": {\"fields\": [\"\\u5546\\u54c1\\u5716\\u7247\"]}}]"
    }
  },
  {
    "model": "admin.logentry",
    "pk": 252,
    "fields": {
      "action_time": "2026-04-08T08:37:34.563Z",
      "user": [
        "11"
      ],
      "content_type": [
        "product",
        "product"
      ],
      "object_id": "16",
      "object_repr": "經典美式丹寧外套",
      "action_flag": 2,
      "change_message": "[{\"changed\": {\"fields\": [\"\\u5546\\u54c1\\u5716\\u7247\"]}}]"
    }
  },
  {
    "model": "admin.logentry",
    "pk": 253,
    "fields": {
      "action_time": "2026-04-08T08:37:42.485Z",
      "user": [
        "11"
      ],
      "content_type": [
        "product",
        "product"
      ],
      "object_id": "17",
      "object_repr": "WP1",
      "action_flag": 2,
      "change_message": "[{\"changed\": {\"fields\": [\"\\u5546\\u54c1\\u5716\\u7247\"]}}]"
    }
  },
  {
    "model": "admin.logentry",
    "pk": 254,
    "fields": {
      "action_time": "2026-04-08T08:37:53.839Z",
      "user": [
        "11"
      ],
      "content_type": [
        "product",
        "product"
      ],
      "object_id": "17",
      "object_repr": "WP1",
      "action_flag": 2,
      "change_message": "[{\"changed\": {\"fields\": [\"\\u5546\\u54c1\\u5716\\u7247\"]}}]"
    }
  },
  {
    "model": "admin.logentry",
    "pk": 255,
    "fields": {
      "action_time": "2026-04-08T08:38:03.182Z",
      "user": [
        "11"
      ],
      "content_type": [
        "product",
        "product"
      ],
      "object_id": "18",
      "object_repr": "WP2",
      "action_flag": 2,
      "change_message": "[{\"changed\": {\"fields\": [\"\\u5546\\u54c1\\u5716\\u7247\"]}}]"
    }
  },
  {
    "model": "admin.logentry",
    "pk": 256,
    "fields": {
      "action_time": "2026-04-08T08:38:07.474Z",
      "user": [
        "11"
      ],
      "content_type": [
        "product",
        "product"
      ],
      "object_id": "18",
      "object_repr": "WP2",
      "action_flag": 2,
      "change_message": "[{\"changed\": {\"fields\": [\"\\u5546\\u54c1\\u5716\\u7247\"]}}]"
    }
  },
  {
    "model": "admin.logentry",
    "pk": 257,
    "fields": {
      "action_time": "2026-04-08T08:38:14.200Z",
      "user": [
        "11"
      ],
      "content_type": [
        "product",
        "product"
      ],
      "object_id": "19",
      "object_repr": "WP3",
      "action_flag": 2,
      "change_message": "[{\"changed\": {\"fields\": [\"\\u5546\\u54c1\\u5716\\u7247\"]}}]"
    }
  },
  {
    "model": "admin.logentry",
    "pk": 258,
    "fields": {
      "action_time": "2026-04-08T08:38:18.311Z",
      "user": [
        "11"
      ],
      "content_type": [
        "product",
        "product"
      ],
      "object_id": "19",
      "object_repr": "WP3",
      "action_flag": 2,
      "change_message": "[{\"changed\": {\"fields\": [\"\\u5546\\u54c1\\u5716\\u7247\"]}}]"
    }
  },
  {
    "model": "admin.logentry",
    "pk": 259,
    "fields": {
      "action_time": "2026-04-08T08:38:23.231Z",
      "user": [
        "11"
      ],
      "content_type": [
        "product",
        "product"
      ],
      "object_id": "20",
      "object_repr": "WP4",
      "action_flag": 2,
      "change_message": "[{\"changed\": {\"fields\": [\"\\u5546\\u54c1\\u5716\\u7247\"]}}]"
    }
  },
  {
    "model": "admin.logentry",
    "pk": 260,
    "fields": {
      "action_time": "2026-04-08T08:38:28.199Z",
      "user": [
        "11"
      ],
      "content_type": [
        "product",
        "product"
      ],
      "object_id": "20",
      "object_repr": "WP4",
      "action_flag": 2,
      "change_message": "[{\"changed\": {\"fields\": [\"\\u5546\\u54c1\\u5716\\u7247\"]}}]"
    }
  },
  {
    "model": "admin.logentry",
    "pk": 261,
    "fields": {
      "action_time": "2026-04-08T08:38:32.901Z",
      "user": [
        "11"
      ],
      "content_type": [
        "product",
        "product"
      ],
      "object_id": "21",
      "object_repr": "WP5",
      "action_flag": 2,
      "change_message": "[{\"changed\": {\"fields\": [\"\\u5546\\u54c1\\u5716\\u7247\"]}}]"
    }
  },
  {
    "model": "admin.logentry",
    "pk": 262,
    "fields": {
      "action_time": "2026-04-08T08:38:36.904Z",
      "user": [
        "11"
      ],
      "content_type": [
        "product",
        "product"
      ],
      "object_id": "21",
      "object_repr": "WP5",
      "action_flag": 2,
      "change_message": "[{\"changed\": {\"fields\": [\"\\u5546\\u54c1\\u5716\\u7247\"]}}]"
    }
  },
  {
    "model": "admin.logentry",
    "pk": 263,
    "fields": {
      "action_time": "2026-04-08T08:38:45.856Z",
      "user": [
        "11"
      ],
      "content_type": [
        "product",
        "product"
      ],
      "object_id": "22",
      "object_repr": "WP6",
      "action_flag": 2,
      "change_message": "[{\"changed\": {\"fields\": [\"\\u5546\\u54c1\\u5716\\u7247\"]}}]"
    }
  },
  {
    "model": "admin.logentry",
    "pk": 264,
    "fields": {
      "action_time": "2026-04-08T08:38:50.421Z",
      "user": [
        "11"
      ],
      "content_type": [
        "product",
        "product"
      ],
      "object_id": "22",
      "object_repr": "WP6",
      "action_flag": 2,
      "change_message": "[{\"changed\": {\"fields\": [\"\\u5546\\u54c1\\u5716\\u7247\"]}}]"
    }
  },
  {
    "model": "admin.logentry",
    "pk": 265,
    "fields": {
      "action_time": "2026-04-08T08:38:55.464Z",
      "user": [
        "11"
      ],
      "content_type": [
        "product",
        "product"
      ],
      "object_id": "23",
      "object_repr": "WP7",
      "action_flag": 2,
      "change_message": "[{\"changed\": {\"fields\": [\"\\u5546\\u54c1\\u5716\\u7247\"]}}]"
    }
  },
  {
    "model": "admin.logentry",
    "pk": 266,
    "fields": {
      "action_time": "2026-04-08T08:39:00.171Z",
      "user": [
        "11"
      ],
      "content_type": [
        "product",
        "product"
      ],
      "object_id": "23",
      "object_repr": "WP7",
      "action_flag": 2,
      "change_message": "[{\"changed\": {\"fields\": [\"\\u5546\\u54c1\\u5716\\u7247\"]}}]"
    }
  },
  {
    "model": "admin.logentry",
    "pk": 267,
    "fields": {
      "action_time": "2026-04-08T08:39:52.661Z",
      "user": [
        "11"
      ],
      "content_type": [
        "product",
        "product"
      ],
      "object_id": "24",
      "object_repr": "MT1",
      "action_flag": 2,
      "change_message": "[{\"changed\": {\"fields\": [\"\\u5546\\u54c1\\u5716\\u7247\"]}}]"
    }
  },
  {
    "model": "admin.logentry",
    "pk": 268,
    "fields": {
      "action_time": "2026-04-08T08:40:08.196Z",
      "user": [
        "11"
      ],
      "content_type": [
        "product",
        "product"
      ],
      "object_id": "24",
      "object_repr": "MT1",
      "action_flag": 2,
      "change_message": "[{\"changed\": {\"fields\": [\"\\u5546\\u54c1\\u5716\\u7247\"]}}]"
    }
  },
  {
    "model": "admin.logentry",
    "pk": 269,
    "fields": {
      "action_time": "2026-04-08T08:40:16.916Z",
      "user": [
        "11"
      ],
      "content_type": [
        "product",
        "product"
      ],
      "object_id": "25",
      "object_repr": "MT2",
      "action_flag": 2,
      "change_message": "[{\"changed\": {\"fields\": [\"\\u5546\\u54c1\\u5716\\u7247\"]}}]"
    }
  },
  {
    "model": "admin.logentry",
    "pk": 270,
    "fields": {
      "action_time": "2026-04-08T08:40:21.412Z",
      "user": [
        "11"
      ],
      "content_type": [
        "product",
        "product"
      ],
      "object_id": "25",
      "object_repr": "MT2",
      "action_flag": 2,
      "change_message": "[{\"changed\": {\"fields\": [\"\\u5546\\u54c1\\u5716\\u7247\"]}}]"
    }
  },
  {
    "model": "admin.logentry",
    "pk": 271,
    "fields": {
      "action_time": "2026-04-08T08:40:26.237Z",
      "user": [
        "11"
      ],
      "content_type": [
        "product",
        "product"
      ],
      "object_id": "26",
      "object_repr": "MT3",
      "action_flag": 2,
      "change_message": "[{\"changed\": {\"fields\": [\"\\u5546\\u54c1\\u5716\\u7247\"]}}]"
    }
  },
  {
    "model": "admin.logentry",
    "pk": 272,
    "fields": {
      "action_time": "2026-04-08T08:40:30.199Z",
      "user": [
        "11"
      ],
      "content_type": [
        "product",
        "product"
      ],
      "object_id": "26",
      "object_repr": "MT3",
      "action_flag": 2,
      "change_message": "[{\"changed\": {\"fields\": [\"\\u5546\\u54c1\\u5716\\u7247\"]}}]"
    }
  },
  {
    "model": "admin.logentry",
    "pk": 273,
    "fields": {
      "action_time": "2026-04-08T08:40:35.634Z",
      "user": [
        "11"
      ],
      "content_type": [
        "product",
        "product"
      ],
      "object_id": "27",
      "object_repr": "MT4",
      "action_flag": 2,
      "change_message": "[{\"changed\": {\"fields\": [\"\\u5546\\u54c1\\u5716\\u7247\"]}}]"
    }
  },
  {
    "model": "admin.logentry",
    "pk": 274,
    "fields": {
      "action_time": "2026-04-08T08:40:39.741Z",
      "user": [
        "11"
      ],
      "content_type": [
        "product",
        "product"
      ],
      "object_id": "27",
      "object_repr": "MT4",
      "action_flag": 2,
      "change_message": "[{\"changed\": {\"fields\": [\"\\u5546\\u54c1\\u5716\\u7247\"]}}]"
    }
  },
  {
    "model": "admin.logentry",
    "pk": 275,
    "fields": {
      "action_time": "2026-04-08T08:41:32.256Z",
      "user": [
        "11"
      ],
      "content_type": [
        "product",
        "product"
      ],
      "object_id": "36",
      "object_repr": "MT5",
      "action_flag": 2,
      "change_message": "[{\"changed\": {\"fields\": [\"\\u5546\\u54c1\\u5716\\u7247\"]}}]"
    }
  },
  {
    "model": "admin.logentry",
    "pk": 276,
    "fields": {
      "action_time": "2026-04-08T08:41:37.551Z",
      "user": [
        "11"
      ],
      "content_type": [
        "product",
        "product"
      ],
      "object_id": "36",
      "object_repr": "MT5",
      "action_flag": 2,
      "change_message": "[{\"changed\": {\"fields\": [\"\\u5546\\u54c1\\u5716\\u7247\"]}}]"
    }
  },
  {
    "model": "admin.logentry",
    "pk": 277,
    "fields": {
      "action_time": "2026-04-08T08:41:46.688Z",
      "user": [
        "11"
      ],
      "content_type": [
        "product",
        "product"
      ],
      "object_id": "37",
      "object_repr": "MT6",
      "action_flag": 2,
      "change_message": "[{\"changed\": {\"fields\": [\"\\u5546\\u54c1\\u5716\\u7247\"]}}]"
    }
  },
  {
    "model": "admin.logentry",
    "pk": 278,
    "fields": {
      "action_time": "2026-04-08T08:41:51.549Z",
      "user": [
        "11"
      ],
      "content_type": [
        "product",
        "product"
      ],
      "object_id": "37",
      "object_repr": "MT6",
      "action_flag": 2,
      "change_message": "[{\"changed\": {\"fields\": [\"\\u5546\\u54c1\\u5716\\u7247\"]}}]"
    }
  },
  {
    "model": "admin.logentry",
    "pk": 279,
    "fields": {
      "action_time": "2026-04-08T08:43:06.201Z",
      "user": [
        "11"
      ],
      "content_type": [
        "product",
        "product"
      ],
      "object_id": "28",
      "object_repr": "MC1",
      "action_flag": 2,
      "change_message": "[{\"changed\": {\"fields\": [\"\\u5546\\u54c1\\u5716\\u7247\"]}}]"
    }
  },
  {
    "model": "admin.logentry",
    "pk": 280,
    "fields": {
      "action_time": "2026-04-08T08:43:13.115Z",
      "user": [
        "11"
      ],
      "content_type": [
        "product",
        "product"
      ],
      "object_id": "28",
      "object_repr": "MC1",
      "action_flag": 2,
      "change_message": "[{\"changed\": {\"fields\": [\"\\u5546\\u54c1\\u5716\\u7247\"]}}]"
    }
  },
  {
    "model": "admin.logentry",
    "pk": 281,
    "fields": {
      "action_time": "2026-04-08T08:43:24.792Z",
      "user": [
        "11"
      ],
      "content_type": [
        "product",
        "product"
      ],
      "object_id": "29",
      "object_repr": "MC2",
      "action_flag": 2,
      "change_message": "[{\"changed\": {\"fields\": [\"\\u5546\\u54c1\\u5716\\u7247\"]}}]"
    }
  },
  {
    "model": "admin.logentry",
    "pk": 282,
    "fields": {
      "action_time": "2026-04-08T08:43:28.945Z",
      "user": [
        "11"
      ],
      "content_type": [
        "product",
        "product"
      ],
      "object_id": "29",
      "object_repr": "MC2",
      "action_flag": 2,
      "change_message": "[{\"changed\": {\"fields\": [\"\\u5546\\u54c1\\u5716\\u7247\"]}}]"
    }
  },
  {
    "model": "admin.logentry",
    "pk": 283,
    "fields": {
      "action_time": "2026-04-08T08:43:34.598Z",
      "user": [
        "11"
      ],
      "content_type": [
        "product",
        "product"
      ],
      "object_id": "30",
      "object_repr": "MC3",
      "action_flag": 2,
      "change_message": "[{\"changed\": {\"fields\": [\"\\u5546\\u54c1\\u5716\\u7247\"]}}]"
    }
  },
  {
    "model": "admin.logentry",
    "pk": 284,
    "fields": {
      "action_time": "2026-04-08T08:43:38.236Z",
      "user": [
        "11"
      ],
      "content_type": [
        "product",
        "product"
      ],
      "object_id": "30",
      "object_repr": "MC3",
      "action_flag": 2,
      "change_message": "[{\"changed\": {\"fields\": [\"\\u5546\\u54c1\\u5716\\u7247\"]}}]"
    }
  },
  {
    "model": "admin.logentry",
    "pk": 285,
    "fields": {
      "action_time": "2026-04-08T08:43:42.442Z",
      "user": [
        "11"
      ],
      "content_type": [
        "product",
        "product"
      ],
      "object_id": "31",
      "object_repr": "MC4",
      "action_flag": 2,
      "change_message": "[{\"changed\": {\"fields\": [\"\\u5546\\u54c1\\u5716\\u7247\"]}}]"
    }
  },
  {
    "model": "admin.logentry",
    "pk": 286,
    "fields": {
      "action_time": "2026-04-08T08:43:48.432Z",
      "user": [
        "11"
      ],
      "content_type": [
        "product",
        "product"
      ],
      "object_id": "31",
      "object_repr": "MC4",
      "action_flag": 2,
      "change_message": "[{\"changed\": {\"fields\": [\"\\u5546\\u54c1\\u5716\\u7247\"]}}]"
    }
  },
  {
    "model": "admin.logentry",
    "pk": 287,
    "fields": {
      "action_time": "2026-04-08T08:43:54.109Z",
      "user": [
        "11"
      ],
      "content_type": [
        "product",
        "product"
      ],
      "object_id": "32",
      "object_repr": "MC5",
      "action_flag": 2,
      "change_message": "[{\"changed\": {\"fields\": [\"\\u5546\\u54c1\\u5716\\u7247\"]}}]"
    }
  },
  {
    "model": "admin.logentry",
    "pk": 288,
    "fields": {
      "action_time": "2026-04-08T08:43:57.785Z",
      "user": [
        "11"
      ],
      "content_type": [
        "product",
        "product"
      ],
      "object_id": "32",
      "object_repr": "MC5",
      "action_flag": 2,
      "change_message": "[{\"changed\": {\"fields\": [\"\\u5546\\u54c1\\u5716\\u7247\"]}}]"
    }
  },
  {
    "model": "admin.logentry",
    "pk": 289,
    "fields": {
      "action_time": "2026-04-08T08:44:02.797Z",
      "user": [
        "11"
      ],
      "content_type": [
        "product",
        "product"
      ],
      "object_id": "33",
      "object_repr": "MC6",
      "action_flag": 2,
      "change_message": "[{\"changed\": {\"fields\": [\"\\u5546\\u54c1\\u5716\\u7247\"]}}]"
    }
  },
  {
    "model": "admin.logentry",
    "pk": 290,
    "fields": {
      "action_time": "2026-04-08T08:44:06.821Z",
      "user": [
        "11"
      ],
      "content_type": [
        "product",
        "product"
      ],
      "object_id": "33",
      "object_repr": "MC6",
      "action_flag": 2,
      "change_message": "[{\"changed\": {\"fields\": [\"\\u5546\\u54c1\\u5716\\u7247\"]}}]"
    }
  },
  {
    "model": "admin.logentry",
    "pk": 291,
    "fields": {
      "action_time": "2026-04-08T08:44:11.539Z",
      "user": [
        "11"
      ],
      "content_type": [
        "product",
        "product"
      ],
      "object_id": "34",
      "object_repr": "MC7",
      "action_flag": 2,
      "change_message": "[{\"changed\": {\"fields\": [\"\\u5546\\u54c1\\u5716\\u7247\"]}}]"
    }
  },
  {
    "model": "admin.logentry",
    "pk": 292,
    "fields": {
      "action_time": "2026-04-08T08:44:15.802Z",
      "user": [
        "11"
      ],
      "content_type": [
        "product",
        "product"
      ],
      "object_id": "34",
      "object_repr": "MC7",
      "action_flag": 2,
      "change_message": "[{\"changed\": {\"fields\": [\"\\u5546\\u54c1\\u5716\\u7247\"]}}]"
    }
  },
  {
    "model": "admin.logentry",
    "pk": 293,
    "fields": {
      "action_time": "2026-04-08T08:44:21.442Z",
      "user": [
        "11"
      ],
      "content_type": [
        "product",
        "product"
      ],
      "object_id": "35",
      "object_repr": "MC8",
      "action_flag": 2,
      "change_message": "[{\"changed\": {\"fields\": [\"\\u5546\\u54c1\\u5716\\u7247\"]}}]"
    }
  },
  {
    "model": "admin.logentry",
    "pk": 294,
    "fields": {
      "action_time": "2026-04-08T08:44:26.160Z",
      "user": [
        "11"
      ],
      "content_type": [
        "product",
        "product"
      ],
      "object_id": "35",
      "object_repr": "MC8",
      "action_flag": 2,
      "change_message": "[{\"changed\": {\"fields\": [\"\\u5546\\u54c1\\u5716\\u7247\"]}}]"
    }
  },
  {
    "model": "admin.logentry",
    "pk": 295,
    "fields": {
      "action_time": "2026-04-08T08:44:26.443Z",
      "user": [
        "11"
      ],
      "content_type": [
        "product",
        "product"
      ],
      "object_id": "35",
      "object_repr": "MC8",
      "action_flag": 2,
      "change_message": "[{\"changed\": {\"fields\": [\"\\u5546\\u54c1\\u5716\\u7247\"]}}]"
    }
  },
  {
    "model": "admin.logentry",
    "pk": 296,
    "fields": {
      "action_time": "2026-04-08T08:45:24.337Z",
      "user": [
        "11"
      ],
      "content_type": [
        "product",
        "product"
      ],
      "object_id": "38",
      "object_repr": "MP1",
      "action_flag": 2,
      "change_message": "[{\"changed\": {\"fields\": [\"\\u5546\\u54c1\\u5716\\u7247\"]}}]"
    }
  },
  {
    "model": "admin.logentry",
    "pk": 297,
    "fields": {
      "action_time": "2026-04-08T08:45:30.500Z",
      "user": [
        "11"
      ],
      "content_type": [
        "product",
        "product"
      ],
      "object_id": "38",
      "object_repr": "MP1",
      "action_flag": 2,
      "change_message": "[{\"changed\": {\"fields\": [\"\\u5546\\u54c1\\u5716\\u7247\"]}}]"
    }
  },
  {
    "model": "admin.logentry",
    "pk": 298,
    "fields": {
      "action_time": "2026-04-08T08:45:34.994Z",
      "user": [
        "11"
      ],
      "content_type": [
        "product",
        "product"
      ],
      "object_id": "39",
      "object_repr": "MP2",
      "action_flag": 2,
      "change_message": "[{\"changed\": {\"fields\": [\"\\u5546\\u54c1\\u5716\\u7247\"]}}]"
    }
  },
  {
    "model": "admin.logentry",
    "pk": 299,
    "fields": {
      "action_time": "2026-04-08T08:45:40.570Z",
      "user": [
        "11"
      ],
      "content_type": [
        "product",
        "product"
      ],
      "object_id": "39",
      "object_repr": "MP2",
      "action_flag": 2,
      "change_message": "[{\"changed\": {\"fields\": [\"\\u5546\\u54c1\\u5716\\u7247\"]}}]"
    }
  },
  {
    "model": "admin.logentry",
    "pk": 300,
    "fields": {
      "action_time": "2026-04-08T08:45:44.298Z",
      "user": [
        "11"
      ],
      "content_type": [
        "product",
        "product"
      ],
      "object_id": "40",
      "object_repr": "MP3",
      "action_flag": 2,
      "change_message": "[{\"changed\": {\"fields\": [\"\\u5546\\u54c1\\u5716\\u7247\"]}}]"
    }
  },
  {
    "model": "admin.logentry",
    "pk": 301,
    "fields": {
      "action_time": "2026-04-08T08:45:48.435Z",
      "user": [
        "11"
      ],
      "content_type": [
        "product",
        "product"
      ],
      "object_id": "40",
      "object_repr": "MP3",
      "action_flag": 2,
      "change_message": "[{\"changed\": {\"fields\": [\"\\u5546\\u54c1\\u5716\\u7247\"]}}]"
    }
  },
  {
    "model": "admin.logentry",
    "pk": 302,
    "fields": {
      "action_time": "2026-04-08T08:45:54.192Z",
      "user": [
        "11"
      ],
      "content_type": [
        "product",
        "product"
      ],
      "object_id": "41",
      "object_repr": "MP4",
      "action_flag": 2,
      "change_message": "[{\"changed\": {\"fields\": [\"\\u5546\\u54c1\\u5716\\u7247\"]}}]"
    }
  },
  {
    "model": "admin.logentry",
    "pk": 303,
    "fields": {
      "action_time": "2026-04-08T08:45:58.100Z",
      "user": [
        "11"
      ],
      "content_type": [
        "product",
        "product"
      ],
      "object_id": "41",
      "object_repr": "MP4",
      "action_flag": 2,
      "change_message": "[{\"changed\": {\"fields\": [\"\\u5546\\u54c1\\u5716\\u7247\"]}}]"
    }
  },
  {
    "model": "admin.logentry",
    "pk": 304,
    "fields": {
      "action_time": "2026-04-08T08:46:42.767Z",
      "user": [
        "11"
      ],
      "content_type": [
        "product",
        "product"
      ],
      "object_id": "42",
      "object_repr": "KT1",
      "action_flag": 2,
      "change_message": "[{\"changed\": {\"fields\": [\"\\u5546\\u54c1\\u5716\\u7247\"]}}]"
    }
  },
  {
    "model": "admin.logentry",
    "pk": 305,
    "fields": {
      "action_time": "2026-04-08T08:46:50.765Z",
      "user": [
        "11"
      ],
      "content_type": [
        "product",
        "product"
      ],
      "object_id": "42",
      "object_repr": "KT1",
      "action_flag": 2,
      "change_message": "[{\"changed\": {\"fields\": [\"\\u5546\\u54c1\\u5716\\u7247\"]}}]"
    }
  },
  {
    "model": "admin.logentry",
    "pk": 306,
    "fields": {
      "action_time": "2026-04-08T08:46:55.545Z",
      "user": [
        "11"
      ],
      "content_type": [
        "product",
        "product"
      ],
      "object_id": "43",
      "object_repr": "KT2",
      "action_flag": 2,
      "change_message": "[{\"changed\": {\"fields\": [\"\\u5546\\u54c1\\u5716\\u7247\"]}}]"
    }
  },
  {
    "model": "admin.logentry",
    "pk": 307,
    "fields": {
      "action_time": "2026-04-08T08:47:00.492Z",
      "user": [
        "11"
      ],
      "content_type": [
        "product",
        "product"
      ],
      "object_id": "43",
      "object_repr": "KT2",
      "action_flag": 2,
      "change_message": "[{\"changed\": {\"fields\": [\"\\u5546\\u54c1\\u5716\\u7247\"]}}]"
    }
  }
]